id,category_id,gender_id,name,description,image,front_image,back_image,mask_image,rarity,effects,story_notes
1,1,,Curse Aura,,https://d2pdcsofh1vza7.cloudfront.net/masters/ITEMS/AURA/IMG_2785-u.webp,,,,epic,,
2,1,1,Diviner Aura,,https://d2pdcsofh1vza7.cloudfront.net/masters/ITEMS/AURA/IMG_2786-f.webp,,,,rare,,
3,1,1,Majesty Aura,,https://d2pdcsofh1vza7.cloudfront.net/masters/ITEMS/AURA/IMG_2787-f.webp,,,,rare,,
4,1,2,Cryptic Power Aura,,https://d2pdcsofh1vza7.cloudfront.net/masters/ITEMS/AURA/IMG_2788-m.webp,,,,rare,,
5,1,2,Shaman Aura,,https://d2pdcsofh1vza7.cloudfront.net/masters/ITEMS/AURA/IMG_2789-m.webp,,,,epic,,
6,1,2,Peacefulness Aura,,https://d2pdcsofh1vza7.cloudfront.net/masters/ITEMS/AURA/IMG_2790-m.webp,,,,rare,,
7,1,,Warrior Aura,,https://d2pdcsofh1vza7.cloudfront.net/masters/ITEMS/AURA/IMG_3422-u.webp,,,,rare,,
8,1,,Atrocity Aura,,https://d2pdcsofh1vza7.cloudfront.net/masters/ITEMS/AURA/IMG_3423-u.webp,,,,legendary,,
9,1,,Aggressive Aura,,https://d2pdcsofh1vza7.cloudfront.net/masters/ITEMS/AURA/IMG_3424-u.webp,,,,epic,,
10,1,,Berserk Aura,,https://d2pdcsofh1vza7.cloudfront.net/masters/ITEMS/AURA/IMG_3425-u.webp,,,,epic,,
11,1,,Esotericism Aura,,https://d2pdcsofh1vza7.cloudfront.net/masters/ITEMS/AURA/IMG_3426-u.webp,,,,epic,,
12,2,,Wraithaxe,An axe said to be able to cut shadows.,https://d2pdcsofh1vza7.cloudfront.net/masters/ITEMS/BACK ACCESSORIES/IMG_3401-u.webp,,,,epic,,
13,2,,Starry Halberd,"A golden spear with not just one, but seven spearheads. It can be used to pierce and simultaneously tear the skin of opponents.",https://d2pdcsofh1vza7.cloudfront.net/masters/ITEMS/BACK ACCESSORIES/IMG_3402-u.webp,,,,epic,,
14,2,,Misery Dark Serpent,Mid-tier sword used as a secondary weapon by ninjas.,https://d2pdcsofh1vza7.cloudfront.net/masters/ITEMS/BACK ACCESSORIES/IMG_3403-u.webp,,,,epic,,
15,2,,Erosion Staff,"A dangerous magic staff that can only be used for malevolent purposes, specifically to cause natural disasters. Only a chosen wielder can activate its power.",https://d2pdcsofh1vza7.cloudfront.net/masters/ITEMS/BACK ACCESSORIES/IMG_3404-u.webp,,,,epic,,
16,2,,Quartz Yucca,"A rare yucca leaf that grows on quartz rocks. It is often used by knights who hunt in dark places. With this accessory, they don't have to fear losing their way because of its glowing green light in the dark.",https://d2pdcsofh1vza7.cloudfront.net/masters/ITEMS/BACK ACCESSORIES/IMG_3754.webp,,,,epic,,
17,2,,Seaborn Carapace (Rear View),A shell taken from the defeated Hatchy Speartle.,https://d2pdcsofh1vza7.cloudfront.net/masters/ITEMS/BACK ACCESSORIES/IMG_3759-u.webp,,,,epic,,
18,2,,Aximo,"A diminutive axe of reserve, adorned with a touch of elegance on its metal edge, designed to please the eye.",https://d2pdcsofh1vza7.cloudfront.net/masters/ITEMS/BACK ACCESSORIES/IMG_3868-u.webp,,,,rare,,
19,2,,Vigilia Backshield,A backshield placed on the back is usually worn by ordinary soldiers.,https://d2pdcsofh1vza7.cloudfront.net/masters/ITEMS/BACK ACCESSORIES/IMG_3869-u.webp,,,,rare,,
20,2,,Crux,"A conventional sword with a curved quillon, characterized by its elegant simplicity.",https://d2pdcsofh1vza7.cloudfront.net/masters/ITEMS/BACK ACCESSORIES/IMG_3870-u.webp,,,,rare,,
21,2,,Rigor Backshield,"A lighter and more flexible backshield, surpassing the Vigilia Backshield in its agility, yet commanding a slightly higher price.",https://d2pdcsofh1vza7.cloudfront.net/masters/ITEMS/BACK ACCESSORIES/IMG_3871-u.webp,,,,rare,,
22,2,1,Demonplate Chains,,https://d2pdcsofh1vza7.cloudfront.net/masters/ITEMS/BACK ACCESSORIES/Lunar Demonplate-m.webp,,,,rare,,
23,2,,Fiery Reaper,Fiery scythe gained after spiritbonding with Scythepaw,https://d2pdcsofh1vza7.cloudfront.net/masters/ITEMS/BACK ACCESSORIES/Schyte-u.webp,,,,epic,,Hatchy Scythepaw
24,2,,Seaborn Carapace,A shell taken from the defeated Hatchy Speartle.,https://d2pdcsofh1vza7.cloudfront.net/masters/ITEMS/BACK ACCESSORIES/Shell-u.webp,,,,epic,,Hatchy Speartle
25,2,,Candlekin Head Shield,"A head taken from the defeated Hatchy Candlekin, slightly modified to become a shield.",https://d2pdcsofh1vza7.cloudfront.net/masters/ITEMS/BACK ACCESSORIES/Shield-u.webp,,,,epic,,Hatchy Candlekin
26,2,,Green Gladius,"An accessory taken from the defeated Hatchy Carathorn, slightly modified to become an additional weapon for protecting the back.",https://d2pdcsofh1vza7.cloudfront.net/masters/ITEMS/BACK ACCESSORIES/Spike-u.webp,,,,epic,,
27,2,,Hypnos Staff,A magic staff taken from the defeated Hatchy Hypnoshade.,https://d2pdcsofh1vza7.cloudfront.net/masters/ITEMS/BACK ACCESSORIES/Staff-u.webp,,,,epic,,
28,2,,Ephises,A sword taken from the defeated Hatchy Emberslash.,https://d2pdcsofh1vza7.cloudfront.net/masters/ITEMS/BACK ACCESSORIES/Sword-u.webp,,,,epic,,Hatchy Emberslash
29,2,,Sixsoul Tail,A tail taken from the defeated Hatchy Seraph.,https://d2pdcsofh1vza7.cloudfront.net/masters/ITEMS/BACK ACCESSORIES/Tail-u.webp,,,,epic,,Hatchy Seraph
30,2,,Entwined Hand Tendril,An accessory taken from the defeated Hatchy Mancia.,https://d2pdcsofh1vza7.cloudfront.net/masters/ITEMS/BACK ACCESSORIES/Tendril-u.webp,,,,epic,,
31,2,,Courageuse Totem,A totem taken from the defeated Hatchy Tronk.,https://d2pdcsofh1vza7.cloudfront.net/masters/ITEMS/BACK ACCESSORIES/Totem-u.webp,,,,epic,,Hatchy Tronk
32,3,,Courage Yellow,,https://d2pdcsofh1vza7.cloudfront.net/masters/ITEMS/BACKGROUND/BGx-u.webp,,,,common,,
33,3,,Prudence Lime,,https://d2pdcsofh1vza7.cloudfront.net/masters/ITEMS/BACKGROUND/BGxx-u.webp,,,,common,,
34,3,,Enigmatic Red,,https://d2pdcsofh1vza7.cloudfront.net/masters/ITEMS/BACKGROUND/BGxxx-u.webp,,,,common,,
35,3,,Magical Purple,,https://d2pdcsofh1vza7.cloudfront.net/masters/ITEMS/BACKGROUND/IMG_2799-u.webp,,,,common,,
36,3,,Chivalry Orange,,https://d2pdcsofh1vza7.cloudfront.net/masters/ITEMS/BACKGROUND/IMG_2800-u.webp,,,,common,,
37,3,,Heroism Orange,,https://d2pdcsofh1vza7.cloudfront.net/masters/ITEMS/BACKGROUND/IMG_2801-u.webp,,,,common,,
38,3,,Spiritual Blue,,https://d2pdcsofh1vza7.cloudfront.net/masters/ITEMS/BACKGROUND/IMG_2802-u.webp,,,,common,,
39,4,2,Aegis Exosuit,A Robe made of special silk that can store light energy. provides resistance to dark element,https://d2pdcsofh1vza7.cloudfront.net/masters/ITEMS/BODY ARMOR/Aegis Exosuit-m-front.webp,,https://d2pdcsofh1vza7.cloudfront.net/masters/ITEMS/BODY ARMOR/Aegis Exosuit-m-back.webp,,rare,provides resistance to dark element,Light silk robe
40,4,2,Akki Armor,capable of minimizing the damage inflicted by Void-element,https://d2pdcsofh1vza7.cloudfront.net/masters/ITEMS/BODY ARMOR/Akki Armor-m-front.webp,,https://d2pdcsofh1vza7.cloudfront.net/masters/ITEMS/BODY ARMOR/Akki Armor-m-back.webp,,epic,resistance to void,
41,4,2,Arcane Raiment,"Arcane Raiment is often used by wizard who want greater access to magic energy. Using this outfit, a wizard will gain greater power than usual. However, it should be noted, that without his Arcane necklace, his powers would not have appeared.",https://d2pdcsofh1vza7.cloudfront.net/masters/ITEMS/BODY ARMOR/Arcane Raiment-m-front.webp,,https://d2pdcsofh1vza7.cloudfront.net/masters/ITEMS/BODY ARMOR/Arcane Raiment-m-back.webp,,epic,,
42,4,2,Arcanium Rune,Clothing worn by nobility when attending events. it uses runes to store artifacts or magic cards secretly,https://d2pdcsofh1vza7.cloudfront.net/masters/ITEMS/BODY ARMOR/Arcanium Rune-m-front.webp,,https://d2pdcsofh1vza7.cloudfront.net/masters/ITEMS/BODY ARMOR/Arcanium Rune-m-back.webp,,epic,,nobility
43,4,2,Nimbus Nighthawk Armor,A stylish armor made from the claws of Hatchies of all elements. It pairs perfectly with weapons capable of harnessing the power of wind. It doubles the damage for any weapon with wind magic.,https://d2pdcsofh1vza7.cloudfront.net/masters/ITEMS/BODY ARMOR/Arunthundra-m-front.webp,,https://d2pdcsofh1vza7.cloudfront.net/masters/ITEMS/BODY ARMOR/Arunthundra-m-back.webp,,epic,,
44,4,2,Ashen Oak Vestments,The armor worn by the lower-ranking members of The Order.,https://d2pdcsofh1vza7.cloudfront.net/masters/ITEMS/BODY ARMOR/Ashen Oak Vestments-m-front.webp,,https://d2pdcsofh1vza7.cloudfront.net/masters/ITEMS/BODY ARMOR/Ashen Oak Vestments-m-back.webp,,epic,,"The Order
-This armor is not very visible because members of The Order typically cover their bodies with long hooded cloaks."
45,4,1,Aura Predator (Female),The attire worn by merchants at the Hatchy Market. Nearly all the materials for this robe are sourced from Hatchy bodies. It has the ability to tame and make even the most ferocious Hatchies obedient.,https://d2pdcsofh1vza7.cloudfront.net/masters/ITEMS/BODY ARMOR/Aura Predator (Female)-f-front.webp,,https://d2pdcsofh1vza7.cloudfront.net/masters/ITEMS/BODY ARMOR/Aura Predator (Female)-f-back.webp,,epic,,Hatchy Market merchants
46,4,2,Aura Predator (Male),The attire worn by merchants at the Hatchy Market. Nearly all the materials for this robe are sourced from Hatchy bodies. It has the ability to tame and make even the most ferocious Hatchies obedient.,https://d2pdcsofh1vza7.cloudfront.net/masters/ITEMS/BODY ARMOR/Aura Predator (Male)-m-front.webp,,https://d2pdcsofh1vza7.cloudfront.net/masters/ITEMS/BODY ARMOR/Aura Predator (Male)-m-back.webp,,legendary,,
47,4,1,Auxilus Stormwing,"Armor that can make its wearer lighten their body to the point of temporary levitation. To extend the duration of levitation, assistance is required, such as magic cards or artifacts with elements of wind.",https://d2pdcsofh1vza7.cloudfront.net/masters/ITEMS/BODY ARMOR/Auxilus Stormwing-f-front.webp,,https://d2pdcsofh1vza7.cloudfront.net/masters/ITEMS/BODY ARMOR/Auxilus Stormwing-f-back.webp,,epic,,
48,4,2,Azure Battlegear,"Armor that can be infused with Water-Elemental Crystals, making it a special ""weapon"" during battles. Often worn by Elite Water Knights.",https://d2pdcsofh1vza7.cloudfront.net/masters/ITEMS/BODY ARMOR/Azure Battlegear-m-front.webp,,https://d2pdcsofh1vza7.cloudfront.net/masters/ITEMS/BODY ARMOR/Azure Battlegear-m-back.webp,,epic,Increased water elemental,
49,4,2,Barbaric Arrigun,The ability to automatically multiply one's proficiency with all types of weapons is a feature of this armor. Many ordinary people also wear Barbaric Arrigun to be able to use weapons without the hassle of learning them from scratch.,https://d2pdcsofh1vza7.cloudfront.net/masters/ITEMS/BODY ARMOR/Barbaric Arrigun-m-front.webp,,https://d2pdcsofh1vza7.cloudfront.net/masters/ITEMS/BODY ARMOR/Barbaric Arrigun-m-back.webp,,rare,,
50,4,1,Bukomon (Female),"The traditional attire commonly worn by the people of Achopior includes a variety of distinctive garments. One of the most frequently donned items by its citizens is a unique, culturally significant piece of clothing.",https://d2pdcsofh1vza7.cloudfront.net/masters/ITEMS/BODY ARMOR/Bukomon (Female)-f-front.webp,,https://d2pdcsofh1vza7.cloudfront.net/masters/ITEMS/BODY ARMOR/Bukomon (Female)-f-back.webp,,common,,common Achopior garment
51,4,2,Bukomon (Male),"The traditional attire commonly worn by the people of Achopior includes a variety of distinctive garments. One of the most frequently donned items by its citizens is a unique, culturally significant piece of clothing.",https://d2pdcsofh1vza7.cloudfront.net/masters/ITEMS/BODY ARMOR/Bukomon (Male)-m-front.webp,,https://d2pdcsofh1vza7.cloudfront.net/masters/ITEMS/BODY ARMOR/Bukomon (Male)-m-back.webp,,common,,
52,4,1,Crimson Spellbreaker,"Despite its name ""Crimson,"" there is actually very little red color on this armor. The uniqueness of this armor lies in being the only one capable of preventing opponents from completing their incantations. It's as if there is a mysterious force that hinders opponents when they try to finish their incantations to attack the wearer of this armor.",https://d2pdcsofh1vza7.cloudfront.net/masters/ITEMS/BODY ARMOR/Crimson Spellbreaker-f-front.webp,,https://d2pdcsofh1vza7.cloudfront.net/masters/ITEMS/BODY ARMOR/Crimson Spellbreaker-f-back.webp,,epic,,
53,4,1,Darkheart Cyor (Female),"The mysterious armor worn by The Order's followers. It exudes a dark and profound aura, so intense that even formidable Hatchy creatures would feel compelled to flee due to the overwhelming energy it radiates.",https://d2pdcsofh1vza7.cloudfront.net/masters/ITEMS/BODY ARMOR/Darkheart Cyor (Female)-f-front.webp,,https://d2pdcsofh1vza7.cloudfront.net/masters/ITEMS/BODY ARMOR/Darkheart Cyor (Female)-f-back.webp,,epic,,
54,4,2,Darkheart Cyor (Male),"The mysterious armor worn by The Order's followers. It exudes a dark and profound aura, so intense that even formidable Hatchy creatures would feel compelled to flee due to the overwhelming energy it radiates.",https://d2pdcsofh1vza7.cloudfront.net/masters/ITEMS/BODY ARMOR/Darkheart Cyor (Male)-m-front.webp,,https://d2pdcsofh1vza7.cloudfront.net/masters/ITEMS/BODY ARMOR/Darkheart Cyor (Male)-m-back.webp,,epic,,
55,4,1,Dragoneers Blood Moon (Female),"One of the nine legendary armors. A fire-elemental armor reportedly used by dragon riders in the past. What makes this armor special is that some of its materials are taken from the ""secret"" parts of the Taurrid Hatchy's body.",https://d2pdcsofh1vza7.cloudfront.net/masters/ITEMS/BODY ARMOR/Dragoneers Blood Moon (Female)-f-front.webp,,https://d2pdcsofh1vza7.cloudfront.net/masters/ITEMS/BODY ARMOR/Dragoneers Blood Moon (Female)-f-back.webp,,legendary,,Nine Legendary Armors
56,4,2,Dragoneers Blood Moon(Male),"One of the nine legendary armors. A fire-elemental armor reportedly used by dragon riders in the past. What makes this armor special is that some of its materials are taken from the ""secret"" parts of the Taurrid Hatchy's body.",https://d2pdcsofh1vza7.cloudfront.net/masters/ITEMS/BODY ARMOR/Dragoneers Blood Moon(Male)-m-front.webp,,https://d2pdcsofh1vza7.cloudfront.net/masters/ITEMS/BODY ARMOR/Dragoneers Blood Moon(Male)-m-back.webp,,legendary,,
57,4,2,Emberstorm Armor,Neutral armor designed to diminish the impact of attacks from all elemental types. Perfect for hunting Hatchies of any element.,https://d2pdcsofh1vza7.cloudfront.net/masters/ITEMS/BODY ARMOR/Emberstorm Armor-m-front.webp,,https://d2pdcsofh1vza7.cloudfront.net/masters/ITEMS/BODY ARMOR/Emberstorm Armor-m-back.webp,,rare,,
58,4,2,Flutterflight Skin Exosuit,"Clothing inspired by Hatchy Flutterflight, as it provides warmth around the neck area. Despite being named Flutterflight, none of the materials are sourced from there. It is a garment reserved exclusively for individuals of high social status.",https://d2pdcsofh1vza7.cloudfront.net/masters/ITEMS/BODY ARMOR/Flutterflight Skin Exosuit-m-front.webp,,https://d2pdcsofh1vza7.cloudfront.net/masters/ITEMS/BODY ARMOR/Flutterflight Skin Exosuit-m-back.webp,,epic,,flutterflight skin
59,4,2,Britium Cuirass,"Armor crafted from Britium for its lightness and durability, the wearer's body feels as if they're not wearing heavy armor and can move gracefully as if unburdened",https://d2pdcsofh1vza7.cloudfront.net/masters/ITEMS/BODY ARMOR/Gazutral Cuirass-m-front.webp,,https://d2pdcsofh1vza7.cloudfront.net/masters/ITEMS/BODY ARMOR/Gazutral Cuirass-m-back.webp,,epic,,
60,4,2,Gevax Lodestone,"Unique armor made primarily from magnets, but its main ability is to repel all attacks made of iron. Ordinary swords will be unable to harm the wearer of this armor, as if there is a powerful energy field that cannot be touched.",https://d2pdcsofh1vza7.cloudfront.net/masters/ITEMS/BODY ARMOR/Gevax Lodestone-m-front.webp,,https://d2pdcsofh1vza7.cloudfront.net/masters/ITEMS/BODY ARMOR/Gevax Lodestone-m-back.webp,,epic,resistance against basic element,
61,4,2,Nebula Plate,"Unbelievably light yet durable, its made from an unknown material, not from this world",https://d2pdcsofh1vza7.cloudfront.net/masters/ITEMS/BODY ARMOR/Glacier Platemail-m-front.webp,,https://d2pdcsofh1vza7.cloudfront.net/masters/ITEMS/BODY ARMOR/Glacier Platemail-m-back.webp,,legendary,,
62,4,1,Heart of the Volcano,"""Heart of the Volcano"" is an extremely rare armor that, in legend, is said to only appear if someone manages to conquer the guardian of the Fire Temple. In the records of the modern era, no one is said to possess it. However, in the historical records of the ancient era, this armor was owned by someone.",https://d2pdcsofh1vza7.cloudfront.net/masters/ITEMS/BODY ARMOR/Heart of the Volcano-f-front.webp,,https://d2pdcsofh1vza7.cloudfront.net/masters/ITEMS/BODY ARMOR/Heart of the Volcano-f-back.webp,,legendary,,
63,4,2,Pirates' Parley Hauberk,"While it appears comfortable and charming when worn, it is perilous as it is typically donned by high-ranking pirates. The fur collar cleverly conceals poisonous needles.",https://d2pdcsofh1vza7.cloudfront.net/masters/ITEMS/BODY ARMOR/IMG_1636-m-front.webp,,https://d2pdcsofh1vza7.cloudfront.net/masters/ITEMS/BODY ARMOR/IMG_1636-m-back.webp,,epic,,
64,4,2,Decimator Strider Armor,"Armor of desert pirates who use modified, battered vehicles. The armor is Light despite being made of Heavy Metal and provides significant protection for the Rider",https://d2pdcsofh1vza7.cloudfront.net/masters/ITEMS/BODY ARMOR/IMG_1638-m-front.webp,,https://d2pdcsofh1vza7.cloudfront.net/masters/ITEMS/BODY ARMOR/IMG_1638-m-back.webp,,legendary,,
65,4,1,Nomalies,,https://d2pdcsofh1vza7.cloudfront.net/masters/ITEMS/BODY ARMOR/IMG_1668-f-front.webp,,https://d2pdcsofh1vza7.cloudfront.net/masters/ITEMS/BODY ARMOR/IMG_1668-f-back.webp,,epic,,
66,4,1,Nagmerrie Biker Jacket,,https://d2pdcsofh1vza7.cloudfront.net/masters/ITEMS/BODY ARMOR/IMG_1669-f-front.webp,,https://d2pdcsofh1vza7.cloudfront.net/masters/ITEMS/BODY ARMOR/IMG_1669-f-back.webp,,legendary,,
67,4,1,Brithael Warrior Vestments,"The ceremonial garb of The Order's esteemed women leaders. Exquisitely designed for sacred rituals, yet forged with the resilience for fierce combat.",https://d2pdcsofh1vza7.cloudfront.net/masters/ITEMS/BODY ARMOR/IMG_1670-f-front.webp,,https://d2pdcsofh1vza7.cloudfront.net/masters/ITEMS/BODY ARMOR/IMG_1670-f-back.webp,,legendary,,
68,4,2,Armor of the New Somola King,,https://d2pdcsofh1vza7.cloudfront.net/masters/ITEMS/BODY ARMOR/IMG_2203-m-front.webp,,https://d2pdcsofh1vza7.cloudfront.net/masters/ITEMS/BODY ARMOR/IMG_2203-m-back.webp,,legendary,,
69,4,2,The Legendary Somola Warrior's Armor,,https://d2pdcsofh1vza7.cloudfront.net/masters/ITEMS/BODY ARMOR/IMG_2205-m-front.webp,,https://d2pdcsofh1vza7.cloudfront.net/masters/ITEMS/BODY ARMOR/IMG_2205-m-back.webp,,legendary,,
70,4,2,Space Rescue Division's Armor (Male),An armor whose name has become legendary for traversing the stars and saving countless lives in space.,https://d2pdcsofh1vza7.cloudfront.net/masters/ITEMS/BODY ARMOR/IMG_3135-m-front.webp,,https://d2pdcsofh1vza7.cloudfront.net/masters/ITEMS/BODY ARMOR/IMG_3135-m-back.webp,,legendary,,
71,4,1,Space Rescue Division's Armor (Female),An armor whose name has become legendary for traversing the stars and saving countless lives in space.,https://d2pdcsofh1vza7.cloudfront.net/masters/ITEMS/BODY ARMOR/IMG_3137-f-front.webp,,https://d2pdcsofh1vza7.cloudfront.net/masters/ITEMS/BODY ARMOR/IMG_3137-f-back.webp,,legendary,,
72,4,2,IMG_3752),,,,https://d2pdcsofh1vza7.cloudfront.net/masters/ITEMS/BODY ARMOR/IMG_3752)-m-back.webp,,,,
73,4,2,Gleeful Behemoth Attire,"Crafted from the Behemoth, it has the ability to raise the wearers luck",https://d2pdcsofh1vza7.cloudfront.net/masters/ITEMS/BODY ARMOR/IMG_3752-m-front.webp,,,,legendary,increased luck,"
Behemoth gen2 grass monster"
74,4,2,IMG_3755),,,,https://d2pdcsofh1vza7.cloudfront.net/masters/ITEMS/BODY ARMOR/IMG_3755)-m-back.webp,,,,
75,4,2,Buzzkill's Breastplate,"Highly territorial, Buzzkill becomes furious when another Buzzkill invades its domain. Armor crafted from Buzzkill remains is ideal for mental combat training. Paired with the Buzzkill magic card, it grants the wearer abnormal physical strength.",https://d2pdcsofh1vza7.cloudfront.net/masters/ITEMS/BODY ARMOR/IMG_3755-m-front.webp,,,,epic,,
76,4,2,IMG_3757),,,,https://d2pdcsofh1vza7.cloudfront.net/masters/ITEMS/BODY ARMOR/IMG_3757)-m-back.webp,,,,
77,4,2,Emperor Crabemoth,"Defying the conventions of human armor crafting, this legendary armor is said to have been forged in the deepest, darkest parts of the ocean. It is believed to be worn by dragon riders who reign over the seas.",https://d2pdcsofh1vza7.cloudfront.net/masters/ITEMS/BODY ARMOR/IMG_3757-m-front.webp,,,,legendary,,
78,4,2,IMG_3760),,,,https://d2pdcsofh1vza7.cloudfront.net/masters/ITEMS/BODY ARMOR/IMG_3760)-m-back.webp,,,,
79,4,2,Chancellor’s Ornate Garb,"A gracefully adorned garb, exuding elegance and authority, symbolizing a high office and significant responsibilities. Typically worn by the royal treasurer.",https://d2pdcsofh1vza7.cloudfront.net/masters/ITEMS/BODY ARMOR/IMG_3760-m-front.webp,,,,epic,,
80,4,2,IMG_3762),,,,https://d2pdcsofh1vza7.cloudfront.net/masters/ITEMS/BODY ARMOR/IMG_3762)-m-back.webp,,,,
81,4,2,Drakonian Float Armor,"An armor infused with shards of esoteric artifacts from Drakonia, granting the wearer the ability to levitate. This extraordinary power comes at a cost, significantly draining their energy.",https://d2pdcsofh1vza7.cloudfront.net/masters/ITEMS/BODY ARMOR/IMG_3762-m-front.webp,,,,epic,,
82,4,1,Built-In Bra Tank,,https://d2pdcsofh1vza7.cloudfront.net/masters/ITEMS/BODY ARMOR/IMG_3829-f-front.webp,,https://d2pdcsofh1vza7.cloudfront.net/masters/ITEMS/BODY ARMOR/IMG_3829-f-back.webp,,common,,
83,4,1,Faux Leather Jacket,,https://d2pdcsofh1vza7.cloudfront.net/masters/ITEMS/BODY ARMOR/IMG_3831-f-front.webp,,https://d2pdcsofh1vza7.cloudfront.net/masters/ITEMS/BODY ARMOR/IMG_3831-f-back.webp,,common,,
84,4,1,Blazer with Sweater Insert,,https://d2pdcsofh1vza7.cloudfront.net/masters/ITEMS/BODY ARMOR/IMG_3833-f-front.webp,,https://d2pdcsofh1vza7.cloudfront.net/masters/ITEMS/BODY ARMOR/IMG_3833-f-back.webp,,common,,
85,4,1,Purple Notch Neck,,https://d2pdcsofh1vza7.cloudfront.net/masters/ITEMS/BODY ARMOR/IMG_3835-f-front.webp,,https://d2pdcsofh1vza7.cloudfront.net/masters/ITEMS/BODY ARMOR/IMG_3835-f-back.webp,,common,,
86,4,1,Chunky Knit Sweater,"A thickly knitted sweater, offering extra warmth and comfort for women, perfect for embracing the cold with style and coziness.",https://d2pdcsofh1vza7.cloudfront.net/masters/ITEMS/BODY ARMOR/IMG_3837-f-front.webp,,https://d2pdcsofh1vza7.cloudfront.net/masters/ITEMS/BODY ARMOR/IMG_3837-f-back.webp,,common,,
87,4,1,Pumpkin Spice Tee,"An elegant orange women's tee, radiating vibrant energy and perfect for making a bold fashion statement.",https://d2pdcsofh1vza7.cloudfront.net/masters/ITEMS/BODY ARMOR/IMG_3839-f-front.webp,,https://d2pdcsofh1vza7.cloudfront.net/masters/ITEMS/BODY ARMOR/IMG_3839-f-back.webp,,common,,
88,4,1,Navy Blue Pullover Hoodie,A blue pullover hoodie that's perfect for outdoor activities.,https://d2pdcsofh1vza7.cloudfront.net/masters/ITEMS/BODY ARMOR/IMG_3841-f-front.webp,,https://d2pdcsofh1vza7.cloudfront.net/masters/ITEMS/BODY ARMOR/IMG_3841-f-back.webp,,common,,
89,4,1,Red-Black Mock Neck Jacket,"A stylish jacket with a slightly high collar, featuring an eye-catching combination of red and black.",https://d2pdcsofh1vza7.cloudfront.net/masters/ITEMS/BODY ARMOR/IMG_3843-f-front.webp,,https://d2pdcsofh1vza7.cloudfront.net/masters/ITEMS/BODY ARMOR/IMG_3843-f-back.webp,,common,,
90,4,1,Open-Front Hoodie with Fur Collar,"A stylish and warm fur collar hoodie, perfect for women with a youthful spirit.",https://d2pdcsofh1vza7.cloudfront.net/masters/ITEMS/BODY ARMOR/IMG_3845-f-front.webp,,https://d2pdcsofh1vza7.cloudfront.net/masters/ITEMS/BODY ARMOR/IMG_3845-f-back.webp,,common,,
91,4,2,Gray T-shirt,Men's T-shirt in sophisticated gray.,https://d2pdcsofh1vza7.cloudfront.net/masters/ITEMS/BODY ARMOR/IMG_3847-m-front.webp,,https://d2pdcsofh1vza7.cloudfront.net/masters/ITEMS/BODY ARMOR/IMG_3847-m-back.webp,,common,,
92,4,2,Red Tank Top,Men's tank top in red.,https://d2pdcsofh1vza7.cloudfront.net/masters/ITEMS/BODY ARMOR/IMG_3849-m-front.webp,,https://d2pdcsofh1vza7.cloudfront.net/masters/ITEMS/BODY ARMOR/IMG_3849-m-back.webp,,common,,
93,4,2,Blazing Chill Jacket,This red jacket is perfect for both chill days and workout sessions - it's a great all-around choice!,https://d2pdcsofh1vza7.cloudfront.net/masters/ITEMS/BODY ARMOR/IMG_3855-m-front.webp,,https://d2pdcsofh1vza7.cloudfront.net/masters/ITEMS/BODY ARMOR/IMG_3855-m-back.webp,,rare,,
94,4,2,Semi-Winter Jacket,A semi-winter jacket seamlessly blending the elements of nature with cutting-edge technology.,https://d2pdcsofh1vza7.cloudfront.net/masters/ITEMS/BODY ARMOR/IMG_3857-m-front.webp,,https://d2pdcsofh1vza7.cloudfront.net/masters/ITEMS/BODY ARMOR/IMG_3857-m-back.webp,,common,,
95,4,2,Timeless Charcoal Blazer,Radiating elegance that commands trust and credibility – truly a must-have addition to every man's collection.,https://d2pdcsofh1vza7.cloudfront.net/masters/ITEMS/BODY ARMOR/IMG_3859-m-front.webp,,https://d2pdcsofh1vza7.cloudfront.net/masters/ITEMS/BODY ARMOR/IMG_3859-m-back.webp,,common,,
96,4,2,Iron Legion Guard,Basic starter armor commonly used by novice warriors. Also worn by warriors on a tight budget,https://d2pdcsofh1vza7.cloudfront.net/masters/ITEMS/BODY ARMOR/Iron Legion Armor-m-front.webp,,https://d2pdcsofh1vza7.cloudfront.net/masters/ITEMS/BODY ARMOR/Iron Legion Armor-m-back.webp,,common,,
97,4,1,Kilas Tenabres (Female),"An incredibly powerful armor, feared by all creatures on Earth. It possesses a multitude of abilities and is only held by individuals who attain the status of Grandknight, the highest rank within the knight hierarchy.",https://d2pdcsofh1vza7.cloudfront.net/masters/ITEMS/BODY ARMOR/Kilas Tenabres (Female)-f-front.webp,,https://d2pdcsofh1vza7.cloudfront.net/masters/ITEMS/BODY ARMOR/Kilas Tenabres (Female)-f-back.webp,,legendary,,
98,4,2,Kilas Tenabres (Male),"An incredibly powerful armor, feared by all creatures on Earth. It possesses a multitude of abilities and is only held by individuals who attain the status of Grandknight, the highest rank within the knight hierarchy.",https://d2pdcsofh1vza7.cloudfront.net/masters/ITEMS/BODY ARMOR/Kilas Tenabres (Male)-m-front.webp,,https://d2pdcsofh1vza7.cloudfront.net/masters/ITEMS/BODY ARMOR/Kilas Tenabres (Male)-m-back.webp,,legendary,,
99,4,2,Lepirox Valor,"Not meant for combat, but this armor is worn by medical personnel to ward off illnesses caused by sick Hatchies. This armor can repel diseases that may attempt to spread from sick Hatchies to humans.",https://d2pdcsofh1vza7.cloudfront.net/masters/ITEMS/BODY ARMOR/Lepirox Valor-m-front.webp,,https://d2pdcsofh1vza7.cloudfront.net/masters/ITEMS/BODY ARMOR/Lepirox Valor-m-back.webp,,rare,,
100,4,1,Luminous Sea Armor,"The armor commonly worn by warriors when navigating the seas. This armor allows its user to breathe underwater, although not for extended periods. Another advantage is that it does not make the wearer sink due to its weight but instead makes them agile in the water.",https://d2pdcsofh1vza7.cloudfront.net/masters/ITEMS/BODY ARMOR/Luminous Sea Armor-f-front.webp,,https://d2pdcsofh1vza7.cloudfront.net/masters/ITEMS/BODY ARMOR/Luminous Sea Armor-f-back.webp,,rare,,
101,4,1,Lunar Demonplate (Female),"An armor so terrifying it can only be donned by those with profound knowledge, be it advanced magic or high-level Tongenkyo. It possesses the power to subdue even the dark elements of Hatchy.",https://d2pdcsofh1vza7.cloudfront.net/masters/ITEMS/BODY ARMOR/Lunar Demonplate (Female)-f-front.webp,,https://d2pdcsofh1vza7.cloudfront.net/masters/ITEMS/BODY ARMOR/Lunar Demonplate (Female)-f-back.webp,,rare,,
102,4,2,Lunar Demonplate (Male),"An armor so terrifying it can only be donned by those with profound knowledge, be it advanced magic or high-level Tongenkyo. It possesses the power to subdue even the dark elements of Hatchy.",https://d2pdcsofh1vza7.cloudfront.net/masters/ITEMS/BODY ARMOR/Lunar Demonplate (Male)-m-front.webp,,https://d2pdcsofh1vza7.cloudfront.net/masters/ITEMS/BODY ARMOR/Lunar Demonplate (Male)-m-back.webp,,rare,,
103,4,2,Trainee's Plate,common training garment imbued with its own sensing crystal on the chest that flickers when the wearer runs out of Mana.,https://d2pdcsofh1vza7.cloudfront.net/masters/ITEMS/BODY ARMOR/Merimora Plate-m-front.webp,,https://d2pdcsofh1vza7.cloudfront.net/masters/ITEMS/BODY ARMOR/Merimora Plate-m-back.webp,,common,,Often used by archers who heavily rely on enchanted arrows rather than using regular arrows.
104,4,1,Mighty Midnightscars (Female),"An armor imbued with malevolent energy and shrouded in an aura of dark magic. Only the mighty are capable of donning this armor, and its wearers are exclusively the war generals of The Order organization. They stand one tier below Darkheart Cyor.",https://d2pdcsofh1vza7.cloudfront.net/masters/ITEMS/BODY ARMOR/Mighty Midnightscars (Female)-f-front.webp,,https://d2pdcsofh1vza7.cloudfront.net/masters/ITEMS/BODY ARMOR/Mighty Midnightscars (Female)-f-back.webp,,legendary,,its wearers are exclusively the war generals of The Order organization. They stand one tier below Darkheart Cyor
105,4,2,Mighty Midnightscars (Male),"An armor imbued with malevolent energy and shrouded in an aura of dark magic. Only the mighty are capable of donning this armor, and its wearers are exclusively the war generals of The Order organization. They stand one tier below Darkheart Cyor.",https://d2pdcsofh1vza7.cloudfront.net/masters/ITEMS/BODY ARMOR/Mighty Midnightscars (Male)-m-front.webp,,https://d2pdcsofh1vza7.cloudfront.net/masters/ITEMS/BODY ARMOR/Mighty Midnightscars (Male)-m-back.webp,,legendary,,
106,4,1,Molten Haqoro,"Armor made from ""molten rock."" Its creation can only be performed by stone-melting magic. The name Haqoro itself was chosen because before it was known as ""Ixor, City of Chants,"" the place was called the Village of Haqoro.",https://d2pdcsofh1vza7.cloudfront.net/masters/ITEMS/BODY ARMOR/Molten Haqoro-f-front.webp,,https://d2pdcsofh1vza7.cloudfront.net/masters/ITEMS/BODY ARMOR/Molten Haqoro-f-back.webp,,epic,,
107,4,1,Persanare (Female),The attire worn by members of a mysterious cult who believe that Omni is the true God. It is typically worn when the members gather in their special temple.,https://d2pdcsofh1vza7.cloudfront.net/masters/ITEMS/BODY ARMOR/Persanare (Female)-f-front.webp,,https://d2pdcsofh1vza7.cloudfront.net/masters/ITEMS/BODY ARMOR/Persanare (Female)-f-back.webp,,rare,,
108,4,2,Persanare (Male),The attire worn by members of a mysterious cult who believe that Omni is the true God. It is typically worn when the members gather in their special temple.,https://d2pdcsofh1vza7.cloudfront.net/masters/ITEMS/BODY ARMOR/Persanare (Male)-m-front.webp,,https://d2pdcsofh1vza7.cloudfront.net/masters/ITEMS/BODY ARMOR/Persanare (Male)-m-back.webp,,rare,,
109,4,1,Phrilea,"Phrilea is a gown bestowed upon someone who has successfully graduated and been officially registered in the Union of Priest Associations. The primary raw material of Phrilea is the hair of Pegasus Hatchies, carefully and lovingly trimmed.",https://d2pdcsofh1vza7.cloudfront.net/masters/ITEMS/BODY ARMOR/Phrilea-f-front.webp,,https://d2pdcsofh1vza7.cloudfront.net/masters/ITEMS/BODY ARMOR/Phrilea-f-back.webp,,rare,,
110,4,2,Swiftwing Protector,"The ""Swiftwing"" is worn by warriors who prioritize speed and mobility for aggressive fighting styles. It is often worn by fearless heroes who are unafraid to confront death.",https://d2pdcsofh1vza7.cloudfront.net/masters/ITEMS/BODY ARMOR/Protection of the Vulture-m-front.webp,,https://d2pdcsofh1vza7.cloudfront.net/masters/ITEMS/BODY ARMOR/Protection of the Vulture-m-back.webp,,epic,increased speed,
111,4,1,Radiance Astral,The armor worn by female witch employees at the Union of Wizard Associations office. It is capable of enhancing all magical attacks with all elements.,https://d2pdcsofh1vza7.cloudfront.net/masters/ITEMS/BODY ARMOR/Radiance Astral-f-front.webp,,https://d2pdcsofh1vza7.cloudfront.net/masters/ITEMS/BODY ARMOR/Radiance Astral-f-back.webp,,epic,,
112,4,1,Red Draconic Armor,"Specialized armor designed for the members of the Chambra Temple. This armor assists in activating the seven dormant chakras within the human body, allowing the wearer to unleash a hidden power known as Tongenkyo.",https://d2pdcsofh1vza7.cloudfront.net/masters/ITEMS/BODY ARMOR/Red Draconic Armor-f-front.webp,,https://d2pdcsofh1vza7.cloudfront.net/masters/ITEMS/BODY ARMOR/Red Draconic Armor-f-back.webp,,legendary,,Chambra Temple
113,4,2,Seraphic Eclipse,The armor worn by male knight employees at the Union of Knight Associations office. It has the ability to enhance all physical attacks and minimize the impact of attacks from magic of all elements.,https://d2pdcsofh1vza7.cloudfront.net/masters/ITEMS/BODY ARMOR/Seraphic Eclipse-m-front.webp,,https://d2pdcsofh1vza7.cloudfront.net/masters/ITEMS/BODY ARMOR/Seraphic Eclipse-m-back.webp,,rare,,
114,4,1,Seraphic Valor,The armor worn by female knight employees at the Union of Knight Associations office. It has the ability to enhance all physical attacks and minimize the impact of attacks from magic of all elements.,https://d2pdcsofh1vza7.cloudfront.net/masters/ITEMS/BODY ARMOR/Seraphic Valor-f-front.webp,,https://d2pdcsofh1vza7.cloudfront.net/masters/ITEMS/BODY ARMOR/Seraphic Valor-f-back.webp,,epic,,
115,4,2,Spring of Sol Assault,"An armor that is highly renowned due to its role in a significant historical war event in modern history. If a Hatchy Master and their Hatchy simultaneously attack the wearer of this armor, the weakest attack will have an impact on the wearer. Stronger attacks will mysteriously rebound.",https://d2pdcsofh1vza7.cloudfront.net/masters/ITEMS/BODY ARMOR/Spring of Sol Assault-m-front.webp,,https://d2pdcsofh1vza7.cloudfront.net/masters/ITEMS/BODY ARMOR/Spring of Sol Assault-m-back.webp,,common,,
116,4,2,Sterling Omnibus,The attire worn in the central bank of Ixor. it has many hidden pockets,https://d2pdcsofh1vza7.cloudfront.net/masters/ITEMS/BODY ARMOR/Sterling Omnibus-m-front.webp,,https://d2pdcsofh1vza7.cloudfront.net/masters/ITEMS/BODY ARMOR/Sterling Omnibus-m-back.webp,,epic,,Ixor bank
117,4,1,Stormcaller Enigma (Female),The armor renowned for its ability to manipulate storms. One of the nine legendary armors.,https://d2pdcsofh1vza7.cloudfront.net/masters/ITEMS/BODY ARMOR/Stormcaller Enigma (Female)-f-front.webp,,https://d2pdcsofh1vza7.cloudfront.net/masters/ITEMS/BODY ARMOR/Stormcaller Enigma (Female)-f-back.webp,,legendary,,Nine Legendary Armors
118,4,2,Stormcaller Enigma (Male),The armor renowned for its ability to manipulate storms. One of the nine legendary armors.,https://d2pdcsofh1vza7.cloudfront.net/masters/ITEMS/BODY ARMOR/Stormcaller Enigma (Male)-m-front.webp,,https://d2pdcsofh1vza7.cloudfront.net/masters/ITEMS/BODY ARMOR/Stormcaller Enigma (Male)-m-back.webp,,legendary,,
119,4,1,Talily,The armor worn by female priest employees at the Union of Priest Associations office. It has the ability to regenerate its wearer and can minimize the effects of dark magic.,https://d2pdcsofh1vza7.cloudfront.net/masters/ITEMS/BODY ARMOR/Talily-f-front.webp,,https://d2pdcsofh1vza7.cloudfront.net/masters/ITEMS/BODY ARMOR/Talily-f-back.webp,,common,,
120,4,2,The Pillar Of Domari,Specialized armor of the Domari Ice Guard. Imbued with special runes that increase Ice Magic,https://d2pdcsofh1vza7.cloudfront.net/masters/ITEMS/BODY ARMOR/The Pillar Of Domari-m-front.webp,,https://d2pdcsofh1vza7.cloudfront.net/masters/ITEMS/BODY ARMOR/The Pillar Of Domari-m-back.webp,,epic,particularly effective when combined with ice-type magic cards,"The guards of the Primary Temple in the city of Domari believe that dragons are not extinct. That's why they wear clothing with dragon symbols on the front, hoping that the dragons will rise again."
121,4,1,Trinket Swagger,"Trinket Swagger is an armor whose name is the result of a nickname given by the inhabitants of Artaria. There is only one in the world, and it can only be owned and used by the Queen of the Kingdom of Artaria. It has three slots to store magic cards.",https://d2pdcsofh1vza7.cloudfront.net/masters/ITEMS/BODY ARMOR/Trinket Swagger-f-front.webp,,https://d2pdcsofh1vza7.cloudfront.net/masters/ITEMS/BODY ARMOR/Trinket Swagger-f-back.webp,,legendary,,Queen of the Kingdom of Artaria
122,4,2,Vanqhuiser Guardian,The armor worn by the leader of the Hydar Kingdom's army.,https://d2pdcsofh1vza7.cloudfront.net/masters/ITEMS/BODY ARMOR/Vanqhuiser Guardian-m-front.webp,,https://d2pdcsofh1vza7.cloudfront.net/masters/ITEMS/BODY ARMOR/Vanqhuiser Guardian-m-back.webp,,legendary,,leader of Hydar kingdom Army - General
123,4,1,Vasukani Pride,An armor that has emerged only in recent years and was created by a sword expert who is also a Grandknight named Isilron.,https://d2pdcsofh1vza7.cloudfront.net/masters/ITEMS/BODY ARMOR/Vasukani Pride-f-front.webp,,https://d2pdcsofh1vza7.cloudfront.net/masters/ITEMS/BODY ARMOR/Vasukani Pride-f-back.webp,,epic,,
124,4,2,Venomous Alchemist,"A garment donned by alchemists specializing in poisons, this armor can be infused with resistance potions, rendering the wearer immune to venom.",https://d2pdcsofh1vza7.cloudfront.net/masters/ITEMS/BODY ARMOR/Venomous Alchemist-m-front.webp,,https://d2pdcsofh1vza7.cloudfront.net/masters/ITEMS/BODY ARMOR/Venomous Alchemist-m-back.webp,,common,,"poison, dark"
125,4,2,Vovelgoth,The armor worn by the warriors in the country of Akwar.,https://d2pdcsofh1vza7.cloudfront.net/masters/ITEMS/BODY ARMOR/Vovelgoth-m-front.webp,,https://d2pdcsofh1vza7.cloudfront.net/masters/ITEMS/BODY ARMOR/Vovelgoth-m-back.webp,,rare,,Warriors of Akwar
126,4,1,War of Iph,"Originally just regular clothing with a few ornaments added to make it a simple armor. The War of Iph itself was a conflict that took place in the Doppelganger Forest, which was an unusual war as the forces that arrived there were fighting against creatures resembling themselves. The war abruptly ended due to an untimely tsunami that immediately destroyed the two warring factions.",https://d2pdcsofh1vza7.cloudfront.net/masters/ITEMS/BODY ARMOR/War of Iph-f-front.webp,,https://d2pdcsofh1vza7.cloudfront.net/masters/ITEMS/BODY ARMOR/War of Iph-f-back.webp,,epic,,
127,4,2,Warden Valkryie,"Although in ancient tales, Valkyries were a race consisting only of females, this concept has changed with the embodiment of Valkyrie spirit in the Warden Valkyrie attire. Only males are allowed to wear this garment, and they are the ones responsible for guarding the prison.",https://d2pdcsofh1vza7.cloudfront.net/masters/ITEMS/BODY ARMOR/Warden Valkryie-m-front.webp,,https://d2pdcsofh1vza7.cloudfront.net/masters/ITEMS/BODY ARMOR/Warden Valkryie-m-back.webp,,legendary,,
128,4,1,Wyrmfire Battlegear,Fire-elemental armor crafted through an extreme process. It is made by being placed in a special container and immersed in volcanic lava for several days. Only artisans with special certification are capable of creating it.,https://d2pdcsofh1vza7.cloudfront.net/masters/ITEMS/BODY ARMOR/Wyrmfire Battlegear-f-front.webp,,https://d2pdcsofh1vza7.cloudfront.net/masters/ITEMS/BODY ARMOR/Wyrmfire Battlegear-f-back.webp,,epic,,
129,5,2,Purple Monk Hood (Male),The hood commonly worn during religious activities.,https://d2pdcsofh1vza7.cloudfront.net/masters/ITEMS/COWL/IMG_1063-m-front.webp,,https://d2pdcsofh1vza7.cloudfront.net/masters/ITEMS/COWL/IMG_1063-m-back.webp,,legendary,,
130,5,1,Purple Monk Hood (Female),The hood commonly worn during religious activities.,https://d2pdcsofh1vza7.cloudfront.net/masters/ITEMS/COWL/IMG_1093-f-front.webp,,https://d2pdcsofh1vza7.cloudfront.net/masters/ITEMS/COWL/IMG_1093-f-back.webp,,legendary,,
131,5,2,Purple Hood (Male),The hood used to protect the head from the scorching sun or cold weather.,https://d2pdcsofh1vza7.cloudfront.net/masters/ITEMS/COWL/IMG_1110-m-front.webp,,https://d2pdcsofh1vza7.cloudfront.net/masters/ITEMS/COWL/IMG_1110-m-back.webp,,rare,"resistance to cold
resistance to light",
132,5,1,Purple Hood (Female),The hood used to protect the head from the scorching sun or cold weather.,https://d2pdcsofh1vza7.cloudfront.net/masters/ITEMS/COWL/IMG_1111-f-front.webp,,https://d2pdcsofh1vza7.cloudfront.net/masters/ITEMS/COWL/IMG_1111-f-back.webp,,rare,"resistance to cold
resistance to light",
133,6,1,Celestial Strand,,https://d2pdcsofh1vza7.cloudfront.net/masters/ITEMS/EYEBROW CROWN/CELESTIAL STRAND-f.webp,,,,rare,,
134,6,2,Schattenkrone,"A rare and expensive crown. It is crafted from a special material extracted using forbidden magic to emulate the power of Hatchy Abydon. Much like Abydon's abilities, the wearer of this crown can generate mist around them, and Schattenkrone users can also perceive everything concealed within the mist.",https://d2pdcsofh1vza7.cloudfront.net/masters/ITEMS/EYEBROW CROWN/COSMICORE-m.webp,,,,rare,,Hatchy Abydon
135,6,2,Equinox,,https://d2pdcsofh1vza7.cloudfront.net/masters/ITEMS/EYEBROW CROWN/EQUINOUX-m.webp,,,,epic,,
136,6,1,Tiara Anemos,"The crown is intended for women. Anyone can use this crown, but the condition is that the wearer must have an official certification from a specific organization. It can conjure the magic of the wind.",https://d2pdcsofh1vza7.cloudfront.net/masters/ITEMS/EYEBROW CROWN/LUNARFORE-f.webp,,,,common,,
137,6,2,Nebular Crown,"Unbelievably light yet durable, its made from an unknown material, not from this world",https://d2pdcsofh1vza7.cloudfront.net/masters/ITEMS/EYEBROW CROWN/NEBULAAR-m.webp,,,,legendary,,
138,6,2,Celestine Tiara,,https://d2pdcsofh1vza7.cloudfront.net/masters/ITEMS/EYEBROW CROWN/SKYXPLORER-m.webp,,,,common,,
139,6,1,Regalia of the Mystic Aurora,"The crown is shaped like a bird with outstretched wings. It is made from the finest artifacts not available in the market, and obtaining it requires risking one's life. It possesses extraordinary energy.",https://d2pdcsofh1vza7.cloudfront.net/masters/ITEMS/EYEBROW CROWN/VALKYRIE CROWN-f.webp,,,,epic,,
140,7,2,Feline's Maschera,"An open-faced mask taking the silhouette of a tiger, used by female warriors who rely on speed in combat.",https://d2pdcsofh1vza7.cloudfront.net/masters/ITEMS/FACIAL CROWN/IMG_1014-m.webp,,,,epic,,
141,7,2,Tygron's Maschera,"Similar to the Feline's Maschera, but its user is male. It serves the same function as the female version, enhancing speed both in combat and running.",https://d2pdcsofh1vza7.cloudfront.net/masters/ITEMS/FACIAL CROWN/IMG_1015-m.webp,,,,epic,,
142,7,2,PurityMask,"The face shield is used by a considerable number of middle-class warriors belonging to any kingdom, due to its affordable price and decent quality.",https://d2pdcsofh1vza7.cloudfront.net/masters/ITEMS/FACIAL CROWN/IMG_1017-m.webp,,,,epic,,
143,7,2,Sentinel Head Protector,A common head protector.,https://d2pdcsofh1vza7.cloudfront.net/masters/ITEMS/FACIAL CROWN/IMG_1025-m.webp,,,,common,,
144,7,2,Scorchrex Mask,"A mask crafted by an Infernoforge, capable of inducing terrifying hallucinations, where all living creatures in front of the wearer appear as fire monsters ready to attack. This mask is sealed and stored within the Chambra Temple.",https://d2pdcsofh1vza7.cloudfront.net/masters/ITEMS/FACIAL CROWN/IMG_1026-m.webp,,,,epic,,
145,7,2,QuantumGaze,A mask imbued with Void-Element Runes. Ideal for users specialized in Void-Elemental Hatchy Masters,https://d2pdcsofh1vza7.cloudfront.net/masters/ITEMS/FACIAL CROWN/IMG_1027-m.webp,,,,epic,increased void element,
146,7,1,Shadowmere Baraq,commonly Light-element headgear. increases light-elemental effectiveness,https://d2pdcsofh1vza7.cloudfront.net/masters/ITEMS/FACIAL CROWN/IMG_1029-f.webp,,,,legendary,increased light element,
147,7,2,Tiara of the Astrapai,"A tiara that is exceptionally well-suited for hunting Hatchy in dark places like caves or forests that are completely shrouded in darkness due to its ability to emit light from the gem at its center. It is primarily used by warriors, wizards, or Hatchy Masters ranging from beginner to intermediate levels.",https://d2pdcsofh1vza7.cloudfront.net/masters/ITEMS/FACIAL CROWN/IMG_1751-m.webp,,,,rare,,
148,7,2,Open-Faced Daimon Mask,,https://d2pdcsofh1vza7.cloudfront.net/masters/ITEMS/FACIAL CROWN/IMG_1901-m.webp,,,,rare,,
149,8,1,Diadem of the Radiant Dawn,"Highly compatible when combined with Radiance Astral, it will cause its user to have multiplied strength. Often used by female knights, though quite frequently worn by non-knight female warriors with less noble intentions.",https://d2pdcsofh1vza7.cloudfront.net/masters/ITEMS/FOREHEAD CROWN/PALADINS PRIDER-f.webp,,,,epic,,
150,8,1,Tiny Starlite Tiara,,https://d2pdcsofh1vza7.cloudfront.net/masters/ITEMS/FOREHEAD CROWN/STARLITE-f.webp,,,,rare,,
151,9,2,Eyes of Ether,"A device highly valued for its ability to see the flow of energy within a weapon, be it a sword, magic wand, dagger, arrow, or even a shield. It enables the user to anticipate the element used by their opponent.",https://d2pdcsofh1vza7.cloudfront.net/masters/ITEMS/GLASSES/AUTRON-m.webp,,,,legendary,,
152,9,2,Tuxedo's Quest,"A tuxedo mask available in the country of Artaria, sold as a souvenir item. Often used at royal parties.",https://d2pdcsofh1vza7.cloudfront.net/masters/ITEMS/GLASSES/CRUISEYE-m.webp,,,,rare,,
153,9,2,Falcoon,,https://d2pdcsofh1vza7.cloudfront.net/masters/ITEMS/GLASSES/FALCOON-m.webp,,,,rare,,
154,9,2,Lunatic Hypnoptic,Used by knights and even Grandknights to protect them from illusion attacks that target vision.,https://d2pdcsofh1vza7.cloudfront.net/masters/ITEMS/GLASSES/GEEK GLASSES-m.webp,,,,common,,
155,9,2,Oceanic Glasses,hatchy armor,https://d2pdcsofh1vza7.cloudfront.net/masters/ITEMS/GLASSES/IMG_3764-m.webp,,,,epic,,monster armor
156,9,2,EliteEye Monocle,"A monocle commonly used for examining the composition of an object. However, in the hands of a skilled craftsman, this monocle can enable its wearer to see the energy present within the bodies of living creatures.",https://d2pdcsofh1vza7.cloudfront.net/masters/ITEMS/GLASSES/MONOCULUS-m.webp,,,,common,,
157,9,2,ForestDream EyePatch,"An eye patch that is typically worn by warriors in training to sharpen their hearing, but is also used by blind individuals to cover their damaged eyes so they are not seen by others.",https://d2pdcsofh1vza7.cloudfront.net/masters/ITEMS/GLASSES/THE LOOTER-m.webp,,,,rare,,
158,10,1,Lapis Tenabres (Male),The special cowl that can only be worn by the Grandknight because it can enhance all the power of the Grandknight wearing it. Its energy will multiply exponentially when paired with the Kilas Tenabres.,https://d2pdcsofh1vza7.cloudfront.net/masters/ITEMS/HALF FACE HEAD HELMET/MAELIN-m.webp,,,,legendary,,
159,11,2,Boyscap,,https://d2pdcsofh1vza7.cloudfront.net/masters/ITEMS/HAT/BOYSCAP-m.webp,,,,rare,,
160,11,2,Long Red Farmer Hatband,A hatband used to protect the head from hot weather. Magic cards cannot be attached.,https://d2pdcsofh1vza7.cloudfront.net/masters/ITEMS/HAT/CRACKSTONE HAT-m.webp,,,,common,,
161,11,2,Holysaint,,https://d2pdcsofh1vza7.cloudfront.net/masters/ITEMS/HAT/HOLYSAINT-m.webp,,,,rare,,
162,11,,Spore Helm,,https://d2pdcsofh1vza7.cloudfront.net/masters/ITEMS/HAT/IMG_3761.webp,,,,epic,,
163,11,2,Persist Hat,,https://d2pdcsofh1vza7.cloudfront.net/masters/ITEMS/HAT/PERSISTHAT-m.webp,,,,rare,,
164,11,2,Iron Demon Kettle Hat,"Although it looks simple, this helmet is commonly used by paladins in battle. Highly recommended for knights with high status.",https://d2pdcsofh1vza7.cloudfront.net/masters/ITEMS/HAT/PIKEMAN HELMET-m.webp,,,,rare,,
165,11,2,Pirate Bandana,,https://d2pdcsofh1vza7.cloudfront.net/masters/ITEMS/HAT/PIRATE BANDANA-m.webp,,,,rare,,
166,11,2,Leaf Village Bycocket,"A bycocket woven directly in Leaf Village, and can be used by both knights and common folk.",https://d2pdcsofh1vza7.cloudfront.net/masters/ITEMS/HAT/WANDERHOOD-m.webp,,,,common,,
167,12,1,Midnightscars Barbute (Male),"The barbute worn by war generals in the Order, especially when engaging in large-scale battles. It is resistant to hypnosis and all forms of hallucinatory magic.",https://d2pdcsofh1vza7.cloudfront.net/masters/ITEMS/HELMET/THORGARD-m.webp,,,,legendary,,The Order
168,13,2,Harmony Horns,"Horn accessories resembling dove wings, commonly used for festivals. Made from high-quality buffalo bone.",https://d2pdcsofh1vza7.cloudfront.net/masters/ITEMS/HORN/ANGELER-m.webp,,,,common,,
169,13,2,ShadowFlap Horns,"Horn accessories resembling bat wings, commonly used for festivals. Made from teak wood and special ceramic.",https://d2pdcsofh1vza7.cloudfront.net/masters/ITEMS/HORN/DEMONAC-m.webp,,,,common,,
170,13,2,Royal Antlers,"Special horn accessories resembling deer antlers, commonly used for festivals. Made from sandalwood and combined with horn powder from Hatchy Elkar to add authority.",https://d2pdcsofh1vza7.cloudfront.net/masters/ITEMS/HORN/MOTTLER KING-m.webp,,,,common,,
171,14,2,Mystishroud Mask,Gives the wearer the ability to summon a sudden enveloping mist,https://d2pdcsofh1vza7.cloudfront.net/masters/ITEMS/LARGE 1 BY 2 FACIAL CROWN/IMG_1019-m.webp,,,,rare,,
172,14,2,Chriothik Necromancer,"Crafted from 3 different Dark-element organs of Hatchy: Baphomet, Hypnoshade, and Murcial, this mask ranks among legendary masks. It possesses a high-level poison element, and strangely, it is believed to have the ability to resurrect the dead.",https://d2pdcsofh1vza7.cloudfront.net/masters/ITEMS/LARGE 1 BY 2 FACIAL CROWN/IMG_1023-m.webp,,,,epic,,
173,14,2,Ancient Bullveil Protector,"A Mask made from Doom Horn and Abysit that can increase the hardness level of the armor worn on the body. despite its tiny size, its extremely heavy",https://d2pdcsofh1vza7.cloudfront.net/masters/ITEMS/LARGE 1 BY 2 FACIAL CROWN/IMG_1028-m.webp,,,,legendary,"cumbersome, increased armor",
174,14,2,Ixor Commanders Regalia,Ixor National Airguard Commanders Helm,https://d2pdcsofh1vza7.cloudfront.net/masters/ITEMS/LARGE 1 BY 2 FACIAL CROWN/IMG_2202-m.webp,,,,legendary,,Ixor National Airguard Commanders Helm
175,14,2,The Violent Maniac,,https://d2pdcsofh1vza7.cloudfront.net/masters/ITEMS/LARGE 1 BY 2 FACIAL CROWN/IMG_2237-m.webp,,,,epic,,
176,14,2,Gryphoneers Headguard,,https://d2pdcsofh1vza7.cloudfront.net/masters/ITEMS/LARGE 1 BY 2 FACIAL CROWN/IMG_2240-m.webp,,,,rare,,Gryphon rider
177,14,2,Mystikos Mors,"The sacred crown of the knights that has the power to infuse ordinary weapons with magic. However, if this crown is removed during a battle, the weapons held by the knights can revert to being ordinary weapons. Therefore, it is advised to use it with caution.",https://d2pdcsofh1vza7.cloudfront.net/masters/ITEMS/LARGE 1 BY 2 FACIAL CROWN/IMG_2242-m.webp,,,,rare,,
178,14,2,Crown of the Whispering Void,"Used by the high-ranking members of The Order to distinguish themselves from their subordinates. It can ward off attacks of magic from all elements and can enhance the user's attacks, especially void-elemental magic.",https://d2pdcsofh1vza7.cloudfront.net/masters/ITEMS/LARGE 1 BY 2 FACIAL CROWN/IMG_2243-m.webp,,,,legendary,,The Order
179,14,,Azhassi Domino Mask,,https://d2pdcsofh1vza7.cloudfront.net/masters/ITEMS/LARGE 1 BY 2 FACIAL CROWN/IMG_3758.webp,,,,legendary,,
180,14,1,Grand Jesters Bell crown,,https://d2pdcsofh1vza7.cloudfront.net/masters/ITEMS/LARGE 1 BY 2 FACIAL CROWN/QUIEJESTER-f.webp,,,,epic,,
181,15,2,Dreven Darkmore,,https://d2pdcsofh1vza7.cloudfront.net/masters/ITEMS/LARGE 1 BY 3 FACIAL CROWN/IMG_2238-m.webp,,,,common,,
182,15,2,Ruhtra - Arthur Crown,,https://d2pdcsofh1vza7.cloudfront.net/masters/ITEMS/LARGE 1 BY 3 FACIAL CROWN/IMG_2239-m.webp,,,,epic,,
183,15,2,Spirit of Ellendigedier,,https://d2pdcsofh1vza7.cloudfront.net/masters/ITEMS/LARGE 1 BY 3 FACIAL CROWN/IMG_2241-m.webp,,,,rare,,
184,15,2,Royal Crown of Xaman'Ek,,https://d2pdcsofh1vza7.cloudfront.net/masters/ITEMS/LARGE 1 BY 3 FACIAL CROWN/IMG_2244-m.webp,,,,epic,,
185,15,2,Behemoth Crown,behemoth helmet,https://d2pdcsofh1vza7.cloudfront.net/masters/ITEMS/LARGE 1 BY 3 FACIAL CROWN/IMG_3753-m.webp,,,,legendary,,behemoth hatchy
186,15,2,Buzzkill's Ornament,,https://d2pdcsofh1vza7.cloudfront.net/masters/ITEMS/LARGE 1 BY 3 FACIAL CROWN/IMG_3756-m.webp,,,,epic,,
187,16,2,Glimmering Circos,"A face protector originating from Old Port. There is a sense of pride when using this face protector, as it is filled with stories of battles against evil.",https://d2pdcsofh1vza7.cloudfront.net/masters/ITEMS/LARGE FULL FACIAL CROWN/IMG_1016-m.webp,,,,epic,,
188,16,2,Iron Legion Mask,A mask resembling an owl. Typically worn by Hatchy Masters who enjoy riding flying Hatchies.,https://d2pdcsofh1vza7.cloudfront.net/masters/ITEMS/LARGE FULL FACIAL CROWN/IMG_1018-m.webp,,,,common,,
189,16,2,Fury Chaotic Helm,"A special helmet for the high ranking Order members, gives increased power and the chance to curse opponents",https://d2pdcsofh1vza7.cloudfront.net/masters/ITEMS/LARGE FULL FACIAL CROWN/IMG_1020-m.webp,,,,epic,,
190,16,2,Forgotten Grimoire,"A cruel, Cursed mask made from Shadarkan, processed before the fire was extinguished",https://d2pdcsofh1vza7.cloudfront.net/masters/ITEMS/LARGE FULL FACIAL CROWN/IMG_1021-m.webp,,,,epic,,
191,16,2,Estranged Chaotic Helm,"An Ancient form of the Fury Chaotic Helm, this prototype was said to eventually take control of the wearers mind",https://d2pdcsofh1vza7.cloudfront.net/masters/ITEMS/LARGE FULL FACIAL CROWN/IMG_1022-m.webp,,,,legendary,,
192,16,2,Parados Starless,"At first, the horns on this mask shone brightly as they were made from the horns of Hatchy Elkar, but the wearer of this mask has fallen into darkness and can never return. Therefore, the color of this mask has completely changed.",https://d2pdcsofh1vza7.cloudfront.net/masters/ITEMS/LARGE FULL FACIAL CROWN/IMG_1024-m.webp,,,,rare,,
193,16,2,Wingrider Helm,mounted wingrider soldiers helmet,https://d2pdcsofh1vza7.cloudfront.net/masters/ITEMS/LARGE FULL FACIAL CROWN/IMG_2235-m.webp,,,,common,,
194,16,2,Sovereign of the Abyssos Daemonium,"It is believed that anyone who wears this crown will be able to summon Felkyn, the god. To this day, no one knows who made it and what it is made of.",https://d2pdcsofh1vza7.cloudfront.net/masters/ITEMS/LARGE FULL FACIAL CROWN/IMG_2236-m.webp,,,,legendary,,
195,16,2,Waldgeist Krone,"The crown is worn by Sharian Aelrindel, the King of the Fairies in the forest where the Leaf Temple is situated. It possesses the secret magic of the forest and makes its wearer resistant to attacks from stone-made weapons.",https://d2pdcsofh1vza7.cloudfront.net/masters/ITEMS/LARGE FULL FACIAL CROWN/IMG_2245-m.webp,,,,legendary,,
196,16,2,Nocturnus Terror,legendary dark helmet,https://d2pdcsofh1vza7.cloudfront.net/masters/ITEMS/LARGE FULL FACIAL CROWN/IMG_2252-m.webp,,,,legendary,,
197,17,2,Acolyte Visage (Female),The mask of the lower-ranked members of The Order during ceremonies to avoid recognition,https://d2pdcsofh1vza7.cloudfront.net/masters/ITEMS/MASK/IMG_1109-m.webp,,,,rare,,
198,17,1,Acolyte Visage (Male),The mask of the lower-ranked members of The Order during ceremonies to avoid recognition,https://d2pdcsofh1vza7.cloudfront.net/masters/ITEMS/MASK/IMG_1112-f.webp,,,,rare,,
199,17,2,Serpentine Face Mask,"A mysterious mask. Its origins are unknown. Its purpose, too, remains a mystery.",https://d2pdcsofh1vza7.cloudfront.net/masters/ITEMS/MASK/IMG_2247-m.webp,,,,rare,,
200,18,2,Silentium Mask,Mouth masks often used by knights who do not wish to reveal their identities. Also used by ninjas.,https://d2pdcsofh1vza7.cloudfront.net/masters/ITEMS/MOUTH MASK/CROSSFURY-m.webp,,,,legendary,increased stealth,
201,18,2,Duck Beak Mask,monster mouth guard,https://d2pdcsofh1vza7.cloudfront.net/masters/ITEMS/MOUTH MASK/IMG_3763-m.webp,,,,epic,,
202,18,2,Dragonbreath Chin Guard,"This chin guard is typically worn by blacksmiths to protect their chin while crafting weapons, but some knights have begun popularizing it in combat tournaments.",https://d2pdcsofh1vza7.cloudfront.net/masters/ITEMS/MOUTH MASK/IRONJAW-m.webp,,,,rare,,
203,18,2,Anti Plaguebringer,Mouth masks exclusively worn by 'gatekeepers' of dungeons filled with Hatchy capable of emitting poison. Used as a sign for novice Hatchy hunters that the dungeon is filled with deadly toxins.,https://d2pdcsofh1vza7.cloudfront.net/masters/ITEMS/MOUTH MASK/MOBDOCTOR-m.webp,,,,common,,
204,18,2,Agrucium Mask,Modern mouth mask commonly used by Hatchy hunters in dense forests. Aids in camouflage within the forest.,https://d2pdcsofh1vza7.cloudfront.net/masters/ITEMS/MOUTH MASK/PERCIASH-m.webp,,,,epic,increased stealth,
205,18,2,Muzzle of the Ghost,"It is believed that the spirits of the warriors continue to scream in pain after death, so this mask is made to cover the mouths of the bodies of the warriors. However, since that legend is no longer popular, these mouth masks are now widely used by warriors and Hatchy hunters.",https://d2pdcsofh1vza7.cloudfront.net/masters/ITEMS/MOUTH MASK/RAGE ONI-m.webp,,,,legendary,,
206,18,2,Sandcurse Mask,Mouth mask used by ninjas who typically operate in sandy and rocky areas. Allows the wearer to breathe comfortably even during sandstorms.,https://d2pdcsofh1vza7.cloudfront.net/masters/ITEMS/MOUTH MASK/RAPTORATUS-m.webp,,,,rare,"increased stealth, resistance to blind",
207,18,2,Hegralt Patch,Accessories worn on the nose and chin. Famous in the southern mainland.,https://d2pdcsofh1vza7.cloudfront.net/masters/ITEMS/MOUTH MASK/THE DETERRENT-m.webp,,,,common,,
208,18,2,Costume Blade,Costume Headgear worn at parties,https://d2pdcsofh1vza7.cloudfront.net/masters/ITEMS/MOUTH MASK/ZECRET-m.webp,,,,epic,,
209,19,2,Sky Wings Shoulderplates,"If used near a temple (any temple), this shoulder armor will automatically make the arms feel lighter and more free when swinging a weapon.",https://d2pdcsofh1vza7.cloudfront.net/masters/ITEMS/SHOULDER ARMOR/IMG_0981-m.webp,,,,epic,,
210,19,2,Icicle Shoulderplates,Shoulderplates that are suitable for use alongside water-element armor or armor equipped with ice magic cards.,https://d2pdcsofh1vza7.cloudfront.net/masters/ITEMS/SHOULDER ARMOR/IMG_0982-m.webp,,,,epic,,
211,19,2,Yellow River Shoulderplates,This shoulder armor is highly appealing to beauty enthusiasts due to its vibrant yellow color. It's sturdy and reasonably priced.,https://d2pdcsofh1vza7.cloudfront.net/masters/ITEMS/SHOULDER ARMOR/IMG_0983-m.webp,,,,legendary,,
212,19,2,Indigo Diviner Shoulderplates,"Used by knights with high-energy magic weapons, as this shoulder armor stores powerful energy.",https://d2pdcsofh1vza7.cloudfront.net/masters/ITEMS/SHOULDER ARMOR/IMG_0984-m.webp,,,,legendary,,
213,19,2,Nebular Protectors,"Unbelievably light yet durable, its made from an unknown material, not from this world",https://d2pdcsofh1vza7.cloudfront.net/masters/ITEMS/SHOULDER ARMOR/IMG_0985-m.webp,,,,legendary,,
214,19,2,Chivalric Shoulderplates,The wearer of this shoulder armor is synonymous with someone who is steadfast in knightly values.,https://d2pdcsofh1vza7.cloudfront.net/masters/ITEMS/SHOULDER ARMOR/IMG_0986-m.webp,,,,epic,,
215,19,2,Epaulets of the Red Valley,"Shoulder guards worn by high-ranking individuals in Chambra Temple. Believe it or not, those seemingly dense feathers are made from plants.",https://d2pdcsofh1vza7.cloudfront.net/masters/ITEMS/SHOULDER ARMOR/IMG_0987-m.webp,,,,epic,,Chambra Temple
216,19,2,Bluewave Brigand Shoulderplates,"Although its name may seem ""evil,"" many fighters from various backgrounds wear these shoulder plates. They are suitable for use when sailing the seas.",https://d2pdcsofh1vza7.cloudfront.net/masters/ITEMS/SHOULDER ARMOR/IMG_0988-m.webp,,,,epic,,
217,19,2,Jadu Jars,Shoulder guards that provide protection against poison and potion attacks.,https://d2pdcsofh1vza7.cloudfront.net/masters/ITEMS/SHOULDER ARMOR/IMG_0989-m.webp,,,,epic,,
218,19,2,Trainee's Pauldrons,Light Element training armor commonly used for combat training and sparring for its light-weight and durability,https://d2pdcsofh1vza7.cloudfront.net/masters/ITEMS/SHOULDER ARMOR/IMG_0990-m.webp,,,,common,,
219,19,2,Nimbus Nighthawk Shoulderplates,"Inspired by dragon tales, this shoulder armor is given a unique name to battle dragons in legend.",https://d2pdcsofh1vza7.cloudfront.net/masters/ITEMS/SHOULDER ARMOR/IMG_0991-m.webp,,,,epic,,
220,19,2,Emberstorm Shoulder Guards,"A simple yet well crafted armor, sturdy and reliable",https://d2pdcsofh1vza7.cloudfront.net/masters/ITEMS/SHOULDER ARMOR/IMG_0992-m.webp,,,,rare,resistance to physical damage,Hatchy Templar
221,19,2,Unyielding Shoulderplates,Shoulder armor made of metal and a mixture of stones with hardness levels surpassing those of common stones.,https://d2pdcsofh1vza7.cloudfront.net/masters/ITEMS/SHOULDER ARMOR/IMG_0993-m.webp,,,,common,,
222,19,2,Ironstorm Shoulder Guards,"There is a legend that says this shoulder armor was once tested to be struck by a magical sword with tremendous energy, yet it remained unscathed.",https://d2pdcsofh1vza7.cloudfront.net/masters/ITEMS/SHOULDER ARMOR/IMG_0994-m.webp,,,,rare,,
223,19,2,Luminous Verdant Shoulderplates,"Strong and sturdy, this shoulder armor is widely available in the market. The inclusion of small horn variations taken from the body of Hatchy Blitzard makes its price expensive. It is used by a noble knight named Luminous.",https://d2pdcsofh1vza7.cloudfront.net/masters/ITEMS/SHOULDER ARMOR/IMG_0995-m.webp,,,,epic,,1. Luminous 2.Hatchy Blitzard
224,19,1,Heraldic Knight's Shoulderplates,"These shoulder plates are specifically designed for use by knights. If used by anyone other than a knight, the true energy will not arise.",https://d2pdcsofh1vza7.cloudfront.net/masters/ITEMS/SHOULDER ARMOR/IMG_0996-f.webp,,,,epic,,
225,19,1,Regalia of the Golden Realm,"One of the rare artifacts, the golden regalia, is the main material of this shoulder armor, making it one of the sought-after items by many, including heavyweight criminals. It harbors mysterious power.",https://d2pdcsofh1vza7.cloudfront.net/masters/ITEMS/SHOULDER ARMOR/IMG_0997-f.webp,,,,rare,,
226,19,1,Ornamental Golden-Fang Shoulder Guard,"Displaying elegance, many are deceived by its seemingly useless form in battle, although for those in the know, these Shoulder Guards falls under the category of ""Dangerous Goods""",https://d2pdcsofh1vza7.cloudfront.net/masters/ITEMS/SHOULDER ARMOR/IMG_0998-f.webp,,,,epic,increased light power,
227,19,1,Knight's Legacy Protector,"Similar to some other knight shoulder armors, but this shoulder armor is more popular in the Holy Badlands.",https://d2pdcsofh1vza7.cloudfront.net/masters/ITEMS/SHOULDER ARMOR/IMG_0999-f.webp,,,,legendary,,Holy Baldlands
228,19,1,Ethermesh Shoulder Armor,"This shoulder armor is rarely used for combat, as it's typically worn by guards of goods. However, its durability is noteworthy.",https://d2pdcsofh1vza7.cloudfront.net/masters/ITEMS/SHOULDER ARMOR/IMG_1001-f.webp,,,,common,,
229,19,1,Tectonic Templar Shoulderplates,"Enhancing resilience against earth-element attacks and capable of signaling impending earthquakes, this shoulder armor is popular in earthquake-prone areas.",https://d2pdcsofh1vza7.cloudfront.net/masters/ITEMS/SHOULDER ARMOR/IMG_1002-f.webp,,,,legendary,,
230,19,1,Shoulder Guards of the Minotorch,"Made from pure steel and adorned with Minotorch feathers as decoration, this shoulder armor is sold at a high price in the market.",https://d2pdcsofh1vza7.cloudfront.net/masters/ITEMS/SHOULDER ARMOR/IMG_1003-f.webp,,,,epic,,monster Minotorch
231,19,1,Chelong Zeto,"Used by low-class warriors and sometimes also worn by civilians preparing for battle. Besides its white color resembling rice, rice is also considered a commoner's food.",https://d2pdcsofh1vza7.cloudfront.net/masters/ITEMS/SHOULDER ARMOR/IMG_1004-f.webp,,,,epic,,
232,19,1,Eala Aghiad,"Commonly used by female knights, but also often utilized by witches if deemed necessary. It enables hand regeneration when injured because it is mixed with wings from Hatchy Pixelite.",https://d2pdcsofh1vza7.cloudfront.net/masters/ITEMS/SHOULDER ARMOR/IMG_1005-f.webp,,,,epic,,
233,19,1,Ancient Crystal Ranger Shoulderplates,The legendary shoulder armor reportedly worn by the Ancient Water Temple guards,https://d2pdcsofh1vza7.cloudfront.net/masters/ITEMS/SHOULDER ARMOR/IMG_1006-f.webp,,,,legendary,,
234,19,1,Albian,"Light-element shoulder armor, increasing resistance against Light attacks.",https://d2pdcsofh1vza7.cloudfront.net/masters/ITEMS/SHOULDER ARMOR/IMG_1007-f.webp,,,,epic,Resistance to light,
235,19,2,Captain's Heavy Shoulder Guard,,https://d2pdcsofh1vza7.cloudfront.net/masters/ITEMS/SHOULDER ARMOR/IMG_1618-m.webp,,,,legendary,,
236,19,2,Bleves Tenabres,,https://d2pdcsofh1vza7.cloudfront.net/masters/ITEMS/SHOULDER ARMOR/IMG_1626-m.webp,,,,legendary,,
237,19,2,Darkheart Shoulder Guard,,https://d2pdcsofh1vza7.cloudfront.net/masters/ITEMS/SHOULDER ARMOR/IMG_1628-m.webp,,,,epic,,
238,19,2,Nightmare Bronze Shoulder Plate,,https://d2pdcsofh1vza7.cloudfront.net/masters/ITEMS/SHOULDER ARMOR/IMG_1631-m.webp,,,,legendary,,
239,19,2,Demonplate Shoulder Guard,,https://d2pdcsofh1vza7.cloudfront.net/masters/ITEMS/SHOULDER ARMOR/IMG_1633-m.webp,,,,rare,,
240,19,2,Champions guard,,https://d2pdcsofh1vza7.cloudfront.net/masters/ITEMS/SHOULDER ARMOR/IMG_1635-m.webp,,,,epic,,
241,19,2,Divine Solo Shoulder Guard,,https://d2pdcsofh1vza7.cloudfront.net/masters/ITEMS/SHOULDER ARMOR/IMG_1637-m.webp,,,,legendary,,
242,19,2,Sentinels Pauldron,,https://d2pdcsofh1vza7.cloudfront.net/masters/ITEMS/SHOULDER ARMOR/IMG_1639-m.webp,,,,rare,,
243,19,2,Adventurers Shoulder Guard,,https://d2pdcsofh1vza7.cloudfront.net/masters/ITEMS/SHOULDER ARMOR/IMG_1641-m.webp,,,,common,,
244,19,1,IMG_1647,,https://d2pdcsofh1vza7.cloudfront.net/masters/ITEMS/SHOULDER ARMOR/IMG_1647-f.webp,,,,,,
245,19,1,IMG_1662,,https://d2pdcsofh1vza7.cloudfront.net/masters/ITEMS/SHOULDER ARMOR/IMG_1662-f.webp,,,,,,
246,19,1,Feathered Shoulder Guard,,https://d2pdcsofh1vza7.cloudfront.net/masters/ITEMS/SHOULDER ARMOR/IMG_1667-f.webp,,,,epic,,
247,19,1,Shoulderguard of the pumpkin king F,,https://d2pdcsofh1vza7.cloudfront.net/masters/ITEMS/SHOULDER ARMOR/IMG_1671-f.webp,,,,legendary,,
248,19,1,Stryders Guard,,https://d2pdcsofh1vza7.cloudfront.net/masters/ITEMS/SHOULDER ARMOR/IMG_1672-f.webp,,,,epic,,
249,19,1,Crystal of the dawn,,https://d2pdcsofh1vza7.cloudfront.net/masters/ITEMS/SHOULDER ARMOR/IMG_1674-f.webp,,,,rare,,
250,19,1,Vasukani Defenders,,https://d2pdcsofh1vza7.cloudfront.net/masters/ITEMS/SHOULDER ARMOR/IMG_1676-f.webp,,,,epic,,
251,19,1,Shoulderguards of the Magus,,https://d2pdcsofh1vza7.cloudfront.net/masters/ITEMS/SHOULDER ARMOR/IMG_2198-f.webp,,,,legendary,,
252,19,1,Northerners Cloak F,,https://d2pdcsofh1vza7.cloudfront.net/masters/ITEMS/SHOULDER ARMOR/IMG_2201-f.webp,,,,legendary,,
253,19,2,Heavy Pauldrons,,https://d2pdcsofh1vza7.cloudfront.net/masters/ITEMS/SHOULDER ARMOR/IMG_2204-m.webp,,,,legendary,,
254,19,2,Golden Hatchy Shoulder Protector,,https://d2pdcsofh1vza7.cloudfront.net/masters/ITEMS/SHOULDER ARMOR/IMG_2206-m.webp,,,,legendary,,
255,19,2,Northerners Cloak M,,https://d2pdcsofh1vza7.cloudfront.net/masters/ITEMS/SHOULDER ARMOR/IMG_2642-m.webp,,,,legendary,,
256,19,1,Bleves Tenabres,,https://d2pdcsofh1vza7.cloudfront.net/masters/ITEMS/SHOULDER ARMOR/IMG_2651-f.webp,,,,legendary,,
257,19,1,Darkheart Shoulder Guard,,https://d2pdcsofh1vza7.cloudfront.net/masters/ITEMS/SHOULDER ARMOR/IMG_2655-f.webp,,,,epic,,
258,19,1,Demonplate Shoulder Guard,,https://d2pdcsofh1vza7.cloudfront.net/masters/ITEMS/SHOULDER ARMOR/IMG_2657-f.webp,,,,rare,,
259,19,1,Nightmare Bronze Shoulder Plate,,https://d2pdcsofh1vza7.cloudfront.net/masters/ITEMS/SHOULDER ARMOR/IMG_2660-f.webp,,,,legendary,,
260,19,1,Waypoint Shoulder Plate F,,https://d2pdcsofh1vza7.cloudfront.net/masters/ITEMS/SHOULDER ARMOR/IMG_3134-f.webp,,,,legendary,,
261,19,2,Waypoint Shoulder Plate M,,https://d2pdcsofh1vza7.cloudfront.net/masters/ITEMS/SHOULDER ARMOR/IMG_3136-m.webp,,,,legendary,,
262,1,,aura1,,https://d2pdcsofh1vza7.cloudfront.net/masters/ITEMS/AURA/aura1-u.png,,,,,,
263,1,,aura2,,https://d2pdcsofh1vza7.cloudfront.net/masters/ITEMS/AURA/aura2-u.png,,,,,,
264,1,,aura3,,https://d2pdcsofh1vza7.cloudfront.net/masters/ITEMS/AURA/aura3-u.png,,,,,,
265,1,,aura4,,https://d2pdcsofh1vza7.cloudfront.net/masters/ITEMS/AURA/aura4-u.png,,,,,,
266,1,,aura5,,https://d2pdcsofh1vza7.cloudfront.net/masters/ITEMS/AURA/aura5-u.png,,,,,,
267,1,,aura6,,https://d2pdcsofh1vza7.cloudfront.net/masters/ITEMS/AURA/aura6-u.png,,,,,,
268,1,,Curse Aura,,https://d2pdcsofh1vza7.cloudfront.net/masters/ITEMS/AURA/IMG_2785-u.png,,,,epic,,
269,1,,Warrior Aura,,https://d2pdcsofh1vza7.cloudfront.net/masters/ITEMS/AURA/IMG_3422-u.png,,,,rare,,
270,1,,Atrocity Aura,,https://d2pdcsofh1vza7.cloudfront.net/masters/ITEMS/AURA/IMG_3423-u.png,,,,legendary,,
271,1,,Aggressive Aura,,https://d2pdcsofh1vza7.cloudfront.net/masters/ITEMS/AURA/IMG_3424-u.png,,,,epic,,
272,1,,Berserk Aura,,https://d2pdcsofh1vza7.cloudfront.net/masters/ITEMS/AURA/IMG_3425-u.png,,,,epic,,
273,1,,IMG_3426,,https://d2pdcsofh1vza7.cloudfront.net/masters/ITEMS/AURA/IMG_3426-u.png,,,,,,
274,2,1,Demonplate Chains (Female),,https://d2pdcsofh1vza7.cloudfront.net/masters/ITEMS/BACK ACCESSORIES/Demonplate Chains (Female)-f-set35.png,,,,rare,,
275,2,2,Demonplate Chains (Male),,https://d2pdcsofh1vza7.cloudfront.net/masters/ITEMS/BACK ACCESSORIES/Demonplate Chains (Male)-m-set36.png,,,,rare,,
276,2,,Wraithaxe,An axe said to be able to cut shadows.,https://d2pdcsofh1vza7.cloudfront.net/masters/ITEMS/BACK ACCESSORIES/IMG_3401-u.png,,,,epic,,
277,2,,Starry Halberd,"A golden spear with not just one, but seven spearheads. It can be used to pierce and simultaneously tear the skin of opponents.",https://d2pdcsofh1vza7.cloudfront.net/masters/ITEMS/BACK ACCESSORIES/IMG_3402-u.png,,,,epic,,
278,2,,Misery Dark Serpent,Mid-tier sword used as a secondary weapon by ninjas.,https://d2pdcsofh1vza7.cloudfront.net/masters/ITEMS/BACK ACCESSORIES/IMG_3403-u.png,,,,epic,,
279,2,,Erosion Staff,"A dangerous magic staff that can only be used for malevolent purposes, specifically to cause natural disasters. Only a chosen wielder can activate its power.",https://d2pdcsofh1vza7.cloudfront.net/masters/ITEMS/BACK ACCESSORIES/IMG_3404-u.png,,,,epic,,
280,2,2,Quartz Yucca,"A rare yucca leaf that grows on quartz rocks. It is often used by knights who hunt in dark places. With this accessory, they don't have to fear losing their way because of its glowing green light in the dark.",https://d2pdcsofh1vza7.cloudfront.net/masters/ITEMS/BACK ACCESSORIES/IMG_3754-m-set26.png,,,,epic,,
281,2,2,Seaborn Carapace (Rear View),A shell taken from the defeated Hatchy Speartle.,https://d2pdcsofh1vza7.cloudfront.net/masters/ITEMS/BACK ACCESSORIES/IMG_3759-m-set28.png,,,,epic,,
282,2,,Aximo,"A diminutive axe of reserve, adorned with a touch of elegance on its metal edge, designed to please the eye.",https://d2pdcsofh1vza7.cloudfront.net/masters/ITEMS/BACK ACCESSORIES/IMG_3868-u.png,,,,rare,,
283,2,,Vigilia Backshield,A backshield placed on the back is usually worn by ordinary soldiers.,https://d2pdcsofh1vza7.cloudfront.net/masters/ITEMS/BACK ACCESSORIES/IMG_3869-u.png,,,,rare,,
284,2,,Crux,"A conventional sword with a curved quillon, characterized by its elegant simplicity.",https://d2pdcsofh1vza7.cloudfront.net/masters/ITEMS/BACK ACCESSORIES/IMG_3870-u.png,,,,rare,,
285,2,,Rigor Backshield,"A lighter and more flexible backshield, surpassing the Vigilia Backshield in its agility, yet commanding a slightly higher price.",https://d2pdcsofh1vza7.cloudfront.net/masters/ITEMS/BACK ACCESSORIES/IMG_3871-u.png,,,,rare,,
286,2,,Fiery Reaper,Fiery scythe gained after spiritbonding with Scythepaw,https://d2pdcsofh1vza7.cloudfront.net/masters/ITEMS/BACK ACCESSORIES/Schyte-u.png,,,,epic,,Hatchy Scythepaw
287,2,,Seaborn Carapace,A shell taken from the defeated Hatchy Speartle.,https://d2pdcsofh1vza7.cloudfront.net/masters/ITEMS/BACK ACCESSORIES/Shell-u.png,,,,epic,,Hatchy Speartle
288,2,,Candlekin Head Shield,"A head taken from the defeated Hatchy Candlekin, slightly modified to become a shield.",https://d2pdcsofh1vza7.cloudfront.net/masters/ITEMS/BACK ACCESSORIES/Shield-u.png,,,,epic,,Hatchy Candlekin
289,2,,Green Gladius,"An accessory taken from the defeated Hatchy Carathorn, slightly modified to become an additional weapon for protecting the back.",https://d2pdcsofh1vza7.cloudfront.net/masters/ITEMS/BACK ACCESSORIES/Spike-u.png,,,,epic,,
290,2,,Hypnos Staff,A magic staff taken from the defeated Hatchy Hypnoshade.,https://d2pdcsofh1vza7.cloudfront.net/masters/ITEMS/BACK ACCESSORIES/Staff-u.png,,,,epic,,
291,2,,Ephises,A sword taken from the defeated Hatchy Emberslash.,https://d2pdcsofh1vza7.cloudfront.net/masters/ITEMS/BACK ACCESSORIES/Sword-u.png,,,,epic,,Hatchy Emberslash
292,2,,Sixsoul Tail,A tail taken from the defeated Hatchy Seraph.,https://d2pdcsofh1vza7.cloudfront.net/masters/ITEMS/BACK ACCESSORIES/Tail-u.png,,,,epic,,Hatchy Seraph
293,2,,Entwined Hand Tendril,An accessory taken from the defeated Hatchy Mancia.,https://d2pdcsofh1vza7.cloudfront.net/masters/ITEMS/BACK ACCESSORIES/Tendril-u.png,,,,epic,,
294,2,,Courageuse Totem,A totem taken from the defeated Hatchy Tronk.,https://d2pdcsofh1vza7.cloudfront.net/masters/ITEMS/BACK ACCESSORIES/Totem-u.png,,,,epic,,Hatchy Tronk
295,3,,Chivalry Orange,,https://d2pdcsofh1vza7.cloudfront.net/masters/ITEMS/BACKGROUND/Chivalry Orange-u.png,,,,common,,
296,3,,Courage Yellow,,https://d2pdcsofh1vza7.cloudfront.net/masters/ITEMS/BACKGROUND/Courage Yellow-u.png,,,,common,,
297,3,,Enigmatic Red,,https://d2pdcsofh1vza7.cloudfront.net/masters/ITEMS/BACKGROUND/Enigmatic Red-u.png,,,,common,,
298,3,,FLAT COLOR,,https://d2pdcsofh1vza7.cloudfront.net/masters/ITEMS/BACKGROUND/FLAT COLOR,,,,,,
299,3,,Heroism Orange,,https://d2pdcsofh1vza7.cloudfront.net/masters/ITEMS/BACKGROUND/Heroism Orange-u.png,,,,common,,
300,3,,Magical Purple,,https://d2pdcsofh1vza7.cloudfront.net/masters/ITEMS/BACKGROUND/Magical Purple-u.png,,,,common,,
301,3,,Prudence Lime,,https://d2pdcsofh1vza7.cloudfront.net/masters/ITEMS/BACKGROUND/Prudence Lime-u.png,,,,common,,
302,3,,SCENERY BACKGROUND,,https://d2pdcsofh1vza7.cloudfront.net/masters/ITEMS/BACKGROUND/SCENERY BACKGROUND,,,,,,
303,3,,Spiritual Blue,,https://d2pdcsofh1vza7.cloudfront.net/masters/ITEMS/BACKGROUND/Spiritual Blue-u.png,,,,common,,
304,4,1,Auxilus Stormwing Doom Mail,,https://d2pdcsofh1vza7.cloudfront.net/masters/ITEMS/BODY ARMOR/abyssal Auxilus Stormwing plate-f-front-set4a.png,,,,epic,,
305,4,1,abyssal Crimson Spellbreaker plate,,https://d2pdcsofh1vza7.cloudfront.net/masters/ITEMS/BODY ARMOR/abyssal Crimson Spellbreaker plate-f-front-set6a.png,,,,epic,,
306,4,2,Abyssal Emberstorm Armor Plate,"Emberstorm Armor infused with abyssal elements, as a abyssal-element magic card has been permanently embedded within it.",https://d2pdcsofh1vza7.cloudfront.net/masters/ITEMS/BODY ARMOR/abyssal Emberstorm Armor plate-m-front-set11a.png,,,,epic,,
307,4,2,abyssal Legion Armor plate,Iron Legion Guard enhanced with abyssal elements. Ideal for novices who have already recognized the advantages of abyssal elements.,https://d2pdcsofh1vza7.cloudfront.net/masters/ITEMS/BODY ARMOR/abyssal Legion Armor plate-m-front-set30a.png,,,,epic,,
308,4,2,Abyssal Lepirox Valor,,https://d2pdcsofh1vza7.cloudfront.net/masters/ITEMS/BODY ARMOR/abyssal Lepirox Valor plate-m-front-set33a.png,,,,rare,,
309,4,1,abyssal Luminous Sea Armor plate,,https://d2pdcsofh1vza7.cloudfront.net/masters/ITEMS/BODY ARMOR/abyssal Luminous Sea Armor plate-f-front-set34a.png,,,,epic,,
310,4,2,Abyssal Trainee's Plate,common training garment imbued with its own sensing crystal on the chest that flickers when the wearer runs out of Mana.,https://d2pdcsofh1vza7.cloudfront.net/masters/ITEMS/BODY ARMOR/abyssal Merimora plate-m-front-set37a.png,,,,epic,,
311,4,1,abyssal Vasukani Pride plate,,https://d2pdcsofh1vza7.cloudfront.net/masters/ITEMS/BODY ARMOR/abyssal Vasukani Pride plate-f-front-set55a.png,,,,epic,,
312,4,2,abyssal Vovelgoth plate,"Forged in the depths of the abyss, the Vovelgoth Armor channels the ancient and unfathomable power of the deep. In the hands of Akwar, it is both a blessing and a force of unimaginable power for the nation.",https://d2pdcsofh1vza7.cloudfront.net/masters/ITEMS/BODY ARMOR/abyssal Vovelgoth plate-m-front-set56a.png,,,,epic,,
313,4,1,Auxilus Stormwing Venomous Mail,,https://d2pdcsofh1vza7.cloudfront.net/masters/ITEMS/BODY ARMOR/dark Auxilus Stormwing plate-f-front-set4d.png,,,,rare,,
314,4,1,dark Crimson Spellbreaker plate,,https://d2pdcsofh1vza7.cloudfront.net/masters/ITEMS/BODY ARMOR/dark Crimson Spellbreaker plate-f-front-set6d.png,,,,rare,,
315,4,2,Dark Emberstorm Armor Plate,"Emberstorm Armor infused with dark elements, as a dark-element magic card has been permanently embedded within it.",https://d2pdcsofh1vza7.cloudfront.net/masters/ITEMS/BODY ARMOR/dark Emberstorm Armor plate-m-front-set11d.png,,,,epic,,
316,4,2,dark Legion Armor plate,Iron Legion Guard enhanced with dark elements. Ideal for novices who have already recognized the advantages of dark elements.,https://d2pdcsofh1vza7.cloudfront.net/masters/ITEMS/BODY ARMOR/dark Legion Armor plate-m-front-set30d.png,,,,rare,,
317,4,2,Dark Lepirox Valor,,https://d2pdcsofh1vza7.cloudfront.net/masters/ITEMS/BODY ARMOR/dark Lepirox Valor plate-m-front-set33d.png,,,,rare,,
318,4,1,dark Luminous Sea Armor plate,,https://d2pdcsofh1vza7.cloudfront.net/masters/ITEMS/BODY ARMOR/dark Luminous Sea Armor plate-f-front-set34d.png,,,,rare,,
319,4,2,Dark Trainee's Plate,common training garment imbued with its own sensing crystal on the chest that flickers when the wearer runs out of Mana.,https://d2pdcsofh1vza7.cloudfront.net/masters/ITEMS/BODY ARMOR/dark Merimora plate-m-front-set37d.png,,,,epic,,
320,4,1,dark Vasukani Pride plate,,https://d2pdcsofh1vza7.cloudfront.net/masters/ITEMS/BODY ARMOR/dark Vasukani Pride plate-f-front-set55d.png,,,,rare,,
321,4,2,dark Vovelgoth plate,"Forged in the shadowed realm of darkness, the Vovelgoth Armor channels the relentless power of the night. In the hands of Akwar, it is both a blessing and a force of unimaginable power for the nation.",https://d2pdcsofh1vza7.cloudfront.net/masters/ITEMS/BODY ARMOR/dark Vovelgoth plate-m-front-set56d.png,,,,rare,,
322,4,1,Auxilus Stormwing Ember Mail,,https://d2pdcsofh1vza7.cloudfront.net/masters/ITEMS/BODY ARMOR/fire Auxilus Stormwing plate-f-front-set4f.png,,,,common,,
323,4,1,fire Crimson Spellbreaker plate,,https://d2pdcsofh1vza7.cloudfront.net/masters/ITEMS/BODY ARMOR/fire Crimson Spellbreaker plate-f-front-set6f.png,,,,common,,
324,4,2,Fire Emberstorm Armor Plate,"Emberstorm Armor infused with fire elements, as a fire-element magic card has been permanently embedded within it.",https://d2pdcsofh1vza7.cloudfront.net/masters/ITEMS/BODY ARMOR/fire Emberstorm Armor plate-m-front-set11f.png,,,,epic,,
325,4,2,fire Legion Armor plate,Iron Legion Guard enhanced with fire elements. Ideal for novices who have already recognized the advantages of fire elements.,https://d2pdcsofh1vza7.cloudfront.net/masters/ITEMS/BODY ARMOR/fire Legion Armor plate-m-front-set30f.png,,,,rare,,
326,4,2,Fire Lepirox Valor,,https://d2pdcsofh1vza7.cloudfront.net/masters/ITEMS/BODY ARMOR/fire Lepirox Valor plate-m-front-set33f.png,,,,rare,,
327,4,1,fire Luminous Sea Armor plate,,https://d2pdcsofh1vza7.cloudfront.net/masters/ITEMS/BODY ARMOR/fire Luminous Sea Armor plate-f-front-set34f.png,,,,common,,
328,4,2,Fire Trainee's Plate,common training garment imbued with its own sensing crystal on the chest that flickers when the wearer runs out of Mana.,https://d2pdcsofh1vza7.cloudfront.net/masters/ITEMS/BODY ARMOR/fire Merimora plate-m-front-set37f.png,,,,rare,,
329,4,1,fire Vasukani Pride plate,,https://d2pdcsofh1vza7.cloudfront.net/masters/ITEMS/BODY ARMOR/fire Vasukani Pride plate-f-front-set55f.png,,,,common,,
330,4,2,fire Vovelgoth plate,"Forged in the heart of flames, the Vovelgoth Armor holds the wrath of fire itself. In the hands of Akwar, it is both a blessing and a force of unimaginable power for the nation.",https://d2pdcsofh1vza7.cloudfront.net/masters/ITEMS/BODY ARMOR/fire Vovelgoth plate-m-front-set56f.png,,,,rare,,
331,4,2,Heavy Vestment of Damned Visions,Armor of the Revolutionary Forces from a mysterious alliance that holds knowledge of The Order.,https://d2pdcsofh1vza7.cloudfront.net/masters/ITEMS/BODY ARMOR/IMG_6035 plate-m-front-set59.png,,,,legendary,,
332,4,2,IMG_6035,,,,https://d2pdcsofh1vza7.cloudfront.net/masters/ITEMS/BODY ARMOR/IMG_6035-m-back-set59.png,,,,
333,4,2,Batteplate of Elysium,,https://d2pdcsofh1vza7.cloudfront.net/masters/ITEMS/BODY ARMOR/IMG_6038 plate-m-front-set60.png,,,,legendary,,
334,4,2,IMG_6038,,,,https://d2pdcsofh1vza7.cloudfront.net/masters/ITEMS/BODY ARMOR/IMG_6038-m-back-set60.png,,,,
335,4,2,Peacekeeper Chainmail,,https://d2pdcsofh1vza7.cloudfront.net/masters/ITEMS/BODY ARMOR/IMG_6041 plate-m-front-set61.png,,,,legendary,,
336,4,2,IMG_6041,,,,https://d2pdcsofh1vza7.cloudfront.net/masters/ITEMS/BODY ARMOR/IMG_6041-m-back-set61.png,,,,
337,4,2,Virulent Tarasque,"This armor is laced with a deadly toxin that can turn the wearer’s skin blue and lead to a fatal end if not handled correctly. To safely wield this powerful armor, one must first cast an anti-poison spell. Once protected, the wearer becomes impervious to even the most lethal enemy poisons.",https://d2pdcsofh1vza7.cloudfront.net/masters/ITEMS/BODY ARMOR/IMG_6044 plate-m-front-set62.png,,,,legendary,,
338,4,2,IMG_6044,,,,https://d2pdcsofh1vza7.cloudfront.net/masters/ITEMS/BODY ARMOR/IMG_6044-m-back-set62.png,,,,
339,4,2,Nyx Imperius,"A one-of-a-kind armor, owned by a legendary swordsman who was not only a master of the blade but also harbored ambitions of world domination.",https://d2pdcsofh1vza7.cloudfront.net/masters/ITEMS/BODY ARMOR/IMG_6047 plate-m-front-set63.png,,,,legendary,,
340,4,2,IMG_6047,,,,https://d2pdcsofh1vza7.cloudfront.net/masters/ITEMS/BODY ARMOR/IMG_6047-m-back-set63.png,,,,
341,4,2,IMG_6051 plate,,https://d2pdcsofh1vza7.cloudfront.net/masters/ITEMS/BODY ARMOR/IMG_6051 plate-m-front-set64.png,,,,legendary,,
342,4,2,IMG_6051,,,,https://d2pdcsofh1vza7.cloudfront.net/masters/ITEMS/BODY ARMOR/IMG_6051-m-back-set64.png,,,,
343,4,2,Runic Swordfighter Armor,,https://d2pdcsofh1vza7.cloudfront.net/masters/ITEMS/BODY ARMOR/IMG_6057 plate-m-front-set65.png,,,,legendary,,
344,4,2,IMG_6057,,,,https://d2pdcsofh1vza7.cloudfront.net/masters/ITEMS/BODY ARMOR/IMG_6057-m-back-set65.png,,,,
345,4,1,Auxilus Stormwing Holy Mail,,https://d2pdcsofh1vza7.cloudfront.net/masters/ITEMS/BODY ARMOR/light Auxilus Stormwing plate-f-front-set4l.png,,,,rare,,
346,4,1,light Crimson Spellbreaker plate,,https://d2pdcsofh1vza7.cloudfront.net/masters/ITEMS/BODY ARMOR/light Crimson Spellbreaker plate-f-front-set6l.png,,,,rare,,
347,4,2,Light Emberstorm Armor Plate,"Emberstorm Armor infused with light elements, as a light-element magic card has been permanently embedded within it.",https://d2pdcsofh1vza7.cloudfront.net/masters/ITEMS/BODY ARMOR/light Emberstorm Armor plate-m-front-set11l.png,,,,epic,,
348,4,2,light Legion Armor plate,Iron Legion Guard enhanced with light elements. Ideal for novices who have already recognized the advantages of light elements.,https://d2pdcsofh1vza7.cloudfront.net/masters/ITEMS/BODY ARMOR/light Legion Armor plate-m-front-set30l.png,,,,rare,,
349,4,2,Light Lepirox Valor,,https://d2pdcsofh1vza7.cloudfront.net/masters/ITEMS/BODY ARMOR/light Lepirox Valor plate-m-front-set33l.png,,,,rare,,
350,4,1,light Luminous Sea Armor plate,,https://d2pdcsofh1vza7.cloudfront.net/masters/ITEMS/BODY ARMOR/light Luminous Sea Armor plate-f-front-set34l.png,,,,rare,,
351,4,2,Light Trainee's Plate,common training garment imbued with its own sensing crystal on the chest that flickers when the wearer runs out of Mana.,https://d2pdcsofh1vza7.cloudfront.net/masters/ITEMS/BODY ARMOR/light Merimora plate-m-front-set37l.png,,,,epic,,
352,4,1,light Vasukani Pride plate,,https://d2pdcsofh1vza7.cloudfront.net/masters/ITEMS/BODY ARMOR/light Vasukani Pride plate-f-front-set55l.png,,,,rare,,
353,4,2,light Vovelgoth plate,"Forged in the heart of radiant light, the Vovelgoth Armor embodies the purest essence of illumination. In the hands of Akwar, it is both a blessing and a force of unimaginable power for the nation.",https://d2pdcsofh1vza7.cloudfront.net/masters/ITEMS/BODY ARMOR/light Vovelgoth plate-m-front-set56l.png,,,,rare,,
354,4,1,Auxilus Stormwing Leaf Mail,,https://d2pdcsofh1vza7.cloudfront.net/masters/ITEMS/BODY ARMOR/plant Auxilus Stormwing plate-f-front-set4p.png,,,,common,,
355,4,1,plant Crimson Spellbreaker plate,,https://d2pdcsofh1vza7.cloudfront.net/masters/ITEMS/BODY ARMOR/plant Crimson Spellbreaker plate-f-front-set6p.png,,,,common,,
356,4,2,Plant Emberstorm Armor Plate,"Emberstorm Armor infused with plant elements, as a plant-element magic card has been permanently embedded within it.",https://d2pdcsofh1vza7.cloudfront.net/masters/ITEMS/BODY ARMOR/plant Emberstorm Armor plate-m-front-set11p.png,,,,epic,,
357,4,2,plant Legion Armor plate,Iron Legion Guard enhanced with plant elements. Ideal for novices who have already recognized the advantages of plant elements.,https://d2pdcsofh1vza7.cloudfront.net/masters/ITEMS/BODY ARMOR/plant Legion Armor plate-m-front-set30p.png,,,,rare,,
358,4,2,Plant Lepirox Valor,,https://d2pdcsofh1vza7.cloudfront.net/masters/ITEMS/BODY ARMOR/plant Lepirox Valor plate-m-front-set33p.png,,,,rare,,
359,4,1,plant Luminous Sea Armor plate,,https://d2pdcsofh1vza7.cloudfront.net/masters/ITEMS/BODY ARMOR/plant Luminous Sea Armor plate-f-front-set34p.png,,,,common,,
360,4,2,Plant Trainee's Plate,common training garment imbued with its own sensing crystal on the chest that flickers when the wearer runs out of Mana.,https://d2pdcsofh1vza7.cloudfront.net/masters/ITEMS/BODY ARMOR/plant Merimora plate-m-front-set37p.png,,,,rare,,
361,4,1,plant Vasukani Pride plate,,https://d2pdcsofh1vza7.cloudfront.net/masters/ITEMS/BODY ARMOR/plant Vasukani Pride plate-f-front-set55p.png,,,,common,,
362,4,2,plant Vovelgoth plate,"Forged in the heart of the ancient forest, the Vovelgoth Armor embodies the resilient power of nature. In the hands of Akwar, it is both a blessing and a force of unimaginable power for the nation.",https://d2pdcsofh1vza7.cloudfront.net/masters/ITEMS/BODY ARMOR/plant Vovelgoth plate-m-front-set56p.png,,,,rare,,
363,4,2,Vanquisher Guardian,The armor worn by the leader of the Hydar Kingdom's army.,https://d2pdcsofh1vza7.cloudfront.net/masters/ITEMS/BODY ARMOR/Vanqhuiser Guardian-m-front-set54.png,,https://d2pdcsofh1vza7.cloudfront.net/masters/ITEMS/BODY ARMOR/Vanqhuiser Guardian-m-back-set54.png,,legendary,,leader of Hydar kingdom Army - General
364,4,1,Auxilus Stormwing Void Mail,,https://d2pdcsofh1vza7.cloudfront.net/masters/ITEMS/BODY ARMOR/void Auxilus Stormwing plate-f-front-set4v.png,,,,epic,,
365,4,1,void Crimson Spellbreaker plate,,https://d2pdcsofh1vza7.cloudfront.net/masters/ITEMS/BODY ARMOR/void Crimson Spellbreaker plate-f-front-set6v.png,,,,epic,,
366,4,2,Void Emberstorm Armor Plate,"Emberstorm Armor infused with void elements, as a void-element magic card has been permanently embedded within it.",https://d2pdcsofh1vza7.cloudfront.net/masters/ITEMS/BODY ARMOR/void Emberstorm Armor plate-m-front-set11v.png,,,,legendary,,
367,4,2,void Legion Armor plate,Iron Legion Guard enhanced with void elements. Ideal for novices who have already recognized the advantages of void elements.,https://d2pdcsofh1vza7.cloudfront.net/masters/ITEMS/BODY ARMOR/void Legion Armor plate-m-front-set30v.png,,,,legendary,,
368,4,2,Void Lepirox Valor,,https://d2pdcsofh1vza7.cloudfront.net/masters/ITEMS/BODY ARMOR/void Lepirox Valor plate-m-front-set33v.png,,,,legendary,,
369,4,1,void Luminous Sea Armor plate,,https://d2pdcsofh1vza7.cloudfront.net/masters/ITEMS/BODY ARMOR/void Luminous Sea Armor plate-f-front-set34v.png,,,,epic,,
370,4,2,Void Trainee's Plate,common training garment imbued with its own sensing crystal on the chest that flickers when the wearer runs out of Mana.,https://d2pdcsofh1vza7.cloudfront.net/masters/ITEMS/BODY ARMOR/void Merimora plate-m-front-set37v.png,,,,legendary,,
371,4,1,void Vasukani Pride plate,,https://d2pdcsofh1vza7.cloudfront.net/masters/ITEMS/BODY ARMOR/void Vasukani Pride plate-f-front-set55v.png,,,,epic,,
372,4,2,void Vovelgoth plate,"Forged in the void of nothingness, the Vovelgoth Armor harnesses the infinite power of emptiness. In the hands of Akwar, it is both a blessing and a force of unimaginable power for the nation.",https://d2pdcsofh1vza7.cloudfront.net/masters/ITEMS/BODY ARMOR/void Vovelgoth plate-m-front-set56v.png,,,,legendary,,
373,4,1,Auxilus Stormwing Aquatic Mail,,https://d2pdcsofh1vza7.cloudfront.net/masters/ITEMS/BODY ARMOR/water Auxilus Stormwing plate-f-front-set4w.png,,,,common,,
374,4,1,water Crimson Spellbreaker plate,,https://d2pdcsofh1vza7.cloudfront.net/masters/ITEMS/BODY ARMOR/water Crimson Spellbreaker plate-f-front-set6w.png,,,,common,,
375,4,2,Water Emberstorm Armor Plate,"Emberstorm Armor infused with water elements, as a water-element magic card has been permanently embedded within it.",https://d2pdcsofh1vza7.cloudfront.net/masters/ITEMS/BODY ARMOR/water Emberstorm Armor plate-m-front-set11w.png,,,,epic,,
376,4,2,water Legion Armor plate,Iron Legion Guard enhanced with water elements. Ideal for novices who have already recognized the advantages of water elements.,https://d2pdcsofh1vza7.cloudfront.net/masters/ITEMS/BODY ARMOR/water Legion Armor plate-m-front-set30w.png,,,,rare,,
377,4,2,Water Lepirox Valor,,https://d2pdcsofh1vza7.cloudfront.net/masters/ITEMS/BODY ARMOR/water Lepirox Valor plate-m-front-set33w.png,,,,rare,,
378,4,1,water Luminous Sea Armor plate,,https://d2pdcsofh1vza7.cloudfront.net/masters/ITEMS/BODY ARMOR/water Luminous Sea Armor plate-f-front-set34w.png,,,,common,,
379,4,2,Water Trainee's Plate,common training garment imbued with its own sensing crystal on the chest that flickers when the wearer runs out of Mana.,https://d2pdcsofh1vza7.cloudfront.net/masters/ITEMS/BODY ARMOR/water Merimora plate-m-front-set37w.png,,,,rare,,
380,4,1,water Vasukani Pride plate,,https://d2pdcsofh1vza7.cloudfront.net/masters/ITEMS/BODY ARMOR/water Vasukani Pride plate-f-front-set55w.png,,,,common,,
381,4,2,water Vovelgoth plate,"Forged in the depths of the ocean, the Vovelgoth Armor harnesses the relentless power of water. In the hands of Akwar, it is both a blessing and a force of unimaginable power for the nation.",https://d2pdcsofh1vza7.cloudfront.net/masters/ITEMS/BODY ARMOR/water Vovelgoth plate-m-front-set56w.png,,,,rare,,
382,5,2,Mystic Shroud,,https://d2pdcsofh1vza7.cloudfront.net/masters/ITEMS/COWL/IMG_6055-m-front.png,,https://d2pdcsofh1vza7.cloudfront.net/masters/ITEMS/COWL/IMG_6055-m-back.png,,epic,,
383,6,2,abyssal COSMICORE,,https://d2pdcsofh1vza7.cloudfront.net/masters/ITEMS/EYEBROW CROWN/abyssal COSMICORE-m-set56a.png,,,,epic,,
384,6,2,dark COSMICORE,,https://d2pdcsofh1vza7.cloudfront.net/masters/ITEMS/EYEBROW CROWN/dark COSMICORE-m-set56d.png,,,,rare,,
385,6,2,fire COSMICORE,,https://d2pdcsofh1vza7.cloudfront.net/masters/ITEMS/EYEBROW CROWN/fire COSMICORE-m-set56f.png,,,,rare,,
386,6,2,light COSMICORE,,https://d2pdcsofh1vza7.cloudfront.net/masters/ITEMS/EYEBROW CROWN/light COSMICORE-m-set56l.png,,,,rare,,
387,6,2,plant COSMICORE,,https://d2pdcsofh1vza7.cloudfront.net/masters/ITEMS/EYEBROW CROWN/plant COSMICORE-m-set56p.png,,,,rare,,
388,6,2,void COSMICORE,,https://d2pdcsofh1vza7.cloudfront.net/masters/ITEMS/EYEBROW CROWN/void COSMICORE-m-set56v.png,,,,legendary,,
389,6,2,water COSMICORE,,https://d2pdcsofh1vza7.cloudfront.net/masters/ITEMS/EYEBROW CROWN/water COSMICORE-m-set56w.png,,,,rare,,
390,10,2,Imperius Blademaster War Helm,"The war helm of a master swordsman, whose relentless ambition for world domination burned with every strike of his blade.",https://d2pdcsofh1vza7.cloudfront.net/masters/ITEMS/HALF FACE HEAD HELMET/IMG_6049-m-set63.png,,,,legendary,,
391,10,1,Lapis Tenabres (Female),The special cowl worn by the Grand Druid during ceremonies. Its energy will multiply exponentially when paired with the Kilas Tenabres.,https://d2pdcsofh1vza7.cloudfront.net/masters/ITEMS/HALF FACE HEAD HELMET/Lapis Tenabres (Female)-f-set31.png,,,,legendary,"increased strength
- bonus when paired with kilas tenabres",
392,10,2,Lapis Tenabres (Male),The special cowl that can only be worn by the Grandknight because it can enhance all the power of the Grandknight wearing it. Its energy will multiply exponentially when paired with the Kilas Tenabres.,https://d2pdcsofh1vza7.cloudfront.net/masters/ITEMS/HALF FACE HEAD HELMET/Lapis Tenabres (Male)-m-set32.png,,,,legendary,,
393,11,2,Spore Helm,,https://d2pdcsofh1vza7.cloudfront.net/masters/ITEMS/HAT/IMG_3761-m-set28.png,,,,epic,,
394,12,2,Runic Swordfighter War Helm,"The war helm of a bloodthirsty swordsman, whose twisted joy lies in the slow, excruciating torment of his victims. Each kill is a symphony of suffering, relished until their final breath.",https://d2pdcsofh1vza7.cloudfront.net/masters/ITEMS/HELMET/IMG_6059-m-set65.png,,,,legendary,,
395,12,1,Midnightscars Barbute (Female),"The barbute worn by war generals in the Order, especially when engaging in large-scale battles. It is resistant to hypnosis and all forms of hallucinatory magic.",https://d2pdcsofh1vza7.cloudfront.net/masters/ITEMS/HELMET/Midnightscars Barbute (Female)-f-set38.png,,,,legendary,resistance to dark,"The Order
its wearers are exclusively the war generals of The Order organization. They stand one tier below Darkheart Cyor"
396,12,2,Midnightscars Barbute (Male),"The barbute worn by war generals in the Order, especially when engaging in large-scale battles. It is resistant to hypnosis and all forms of hallucinatory magic.",https://d2pdcsofh1vza7.cloudfront.net/masters/ITEMS/HELMET/Midnightscars Barbute (Male)-m-set39.png,,,,legendary,,The Order
397,14,2,Abyssal Mystishroud,,https://d2pdcsofh1vza7.cloudfront.net/masters/ITEMS/LARGE 1 BY 2 FACIAL CROWN/abyssal Lepirox Valor-m-set33a.png,,,,rare,,
398,14,2,Dark Mystishroud,,https://d2pdcsofh1vza7.cloudfront.net/masters/ITEMS/LARGE 1 BY 2 FACIAL CROWN/dark Lepirox Valor-m-set33d.png,,,,rare,,
399,14,2,Fire Mystishroud,,https://d2pdcsofh1vza7.cloudfront.net/masters/ITEMS/LARGE 1 BY 2 FACIAL CROWN/fire Lepirox Valor-m-set33f.png,,,,rare,,
400,14,2,Azhassi Domino Mask,,https://d2pdcsofh1vza7.cloudfront.net/masters/ITEMS/LARGE 1 BY 2 FACIAL CROWN/IMG_3758-m-set27.png,,,,legendary,,
401,14,2,Light Mystishroud,,https://d2pdcsofh1vza7.cloudfront.net/masters/ITEMS/LARGE 1 BY 2 FACIAL CROWN/light Lepirox Valor-m-set33l.png,,,,rare,,
402,14,2,Plant Mystishroud,,https://d2pdcsofh1vza7.cloudfront.net/masters/ITEMS/LARGE 1 BY 2 FACIAL CROWN/plant Lepirox Valor-m-set33p.png,,,,rare,,
403,14,2,Void Mystishroud,,https://d2pdcsofh1vza7.cloudfront.net/masters/ITEMS/LARGE 1 BY 2 FACIAL CROWN/void Lepirox Valor-m-set33v.png,,,,legendary,,
404,14,2,Water Mystishroud,,https://d2pdcsofh1vza7.cloudfront.net/masters/ITEMS/LARGE 1 BY 2 FACIAL CROWN/water Lepirox Valor-m-set33w.png,,,,rare,,
405,15,2,IMG_6053,,https://d2pdcsofh1vza7.cloudfront.net/masters/ITEMS/LARGE 1 BY 3 FACIAL CROWN/IMG_6053-m-set22.png,,,,legendary,,
406,16,2,Abyssal Legion Mask,,https://d2pdcsofh1vza7.cloudfront.net/masters/ITEMS/LARGE FULL FACIAL CROWN/abyssal Legion Armor-m-set30a.png,,,,epic,,
407,16,2,Dark Legion Mask,,https://d2pdcsofh1vza7.cloudfront.net/masters/ITEMS/LARGE FULL FACIAL CROWN/dark Legion Armor-m-set30d.png,,,,rare,,
408,16,2,Fire Legion Mask,,https://d2pdcsofh1vza7.cloudfront.net/masters/ITEMS/LARGE FULL FACIAL CROWN/fire Legion Armor-m-set30f.png,,,,rare,,
409,16,2,Light Legion Mask,,https://d2pdcsofh1vza7.cloudfront.net/masters/ITEMS/LARGE FULL FACIAL CROWN/light Legion Armor-m-set30l.png,,,,rare,,
410,16,2,Plant Legion Mask,,https://d2pdcsofh1vza7.cloudfront.net/masters/ITEMS/LARGE FULL FACIAL CROWN/plant Legion Armor-m-set30p.png,,,,rare,,
411,16,2,Void Legion Mask,,https://d2pdcsofh1vza7.cloudfront.net/masters/ITEMS/LARGE FULL FACIAL CROWN/void Legion Armor-m-set30v.png,,,,legendary,,
412,16,2,Water Legion Mask,,https://d2pdcsofh1vza7.cloudfront.net/masters/ITEMS/LARGE FULL FACIAL CROWN/water Legion Armor-m-set30w.png,,,,rare,,
413,17,1,Acolyte Visage (female),The mask of the lower-ranked members of The Order during ceremonies to avoid recognition,https://d2pdcsofh1vza7.cloudfront.net/masters/ITEMS/MASK/Acolyte Visage (Female)-f-set41.png,,,,rare,,
414,17,2,Acolyte Visage (Male),The mask of the lower-ranked members of The Order during ceremonies to avoid recognition,https://d2pdcsofh1vza7.cloudfront.net/masters/ITEMS/MASK/Acolyte Visage (Male)_1109-m-set42.png,,,,rare,,
415,17,2,Mask of Hypnosss,"A mysterious mask. Its origins are unknown. Its purpose, too, remains a mystery.",https://d2pdcsofh1vza7.cloudfront.net/masters/ITEMS/MASK/Serpentine Face Mask-m.png,,,,legendary,,
416,19,1,abyssal Auxilus Stormwing shoulder,,https://d2pdcsofh1vza7.cloudfront.net/masters/ITEMS/SHOULDER ARMOR/abyssal Auxilus Stormwing shoulder-f-set4a.png,,,,epic,,
417,19,1,abyssal Crimson Spellbreaker shoulder,,https://d2pdcsofh1vza7.cloudfront.net/masters/ITEMS/SHOULDER ARMOR/abyssal Crimson Spellbreaker shoulder-f-set6a.png,,,,epic,,
418,19,2,Abyssal Emberstorm Shoulderguards,,https://d2pdcsofh1vza7.cloudfront.net/masters/ITEMS/SHOULDER ARMOR/abyssal Emberstorm Armor shoulder-m-front-set11a.png,,,,epic,,
419,19,2,Abyssal Legion Armor shoulder,,https://d2pdcsofh1vza7.cloudfront.net/masters/ITEMS/SHOULDER ARMOR/abyssal Legion Armor shoulder-m-front-set30a.png,,,,epic,,
420,19,2,abyssal Lepirox Valor shoulder,,https://d2pdcsofh1vza7.cloudfront.net/masters/ITEMS/SHOULDER ARMOR/abyssal Lepirox Valor shoulder-m-front-set33a.png,,,,rare,,
421,19,1,abyssal Luminous Sea Armor shoulder,,https://d2pdcsofh1vza7.cloudfront.net/masters/ITEMS/SHOULDER ARMOR/abyssal Luminous Sea Armor shoulder-f-set34a.png,,,,epic,,
422,19,2,Abyssal Trainee's Shoulders,,https://d2pdcsofh1vza7.cloudfront.net/masters/ITEMS/SHOULDER ARMOR/abyssal Merimora shoulder-m-front-set37a.png,,,,epic,,
423,19,1,Abyssal Vasukani Pride Shoulder Guard,,https://d2pdcsofh1vza7.cloudfront.net/masters/ITEMS/SHOULDER ARMOR/abyssal Vasukani Pride shoulder-f-set55a.png,,,,epic,,
424,19,2,Abyssal Vovelgoth Shoulder,,https://d2pdcsofh1vza7.cloudfront.net/masters/ITEMS/SHOULDER ARMOR/abyssal Vovelgoth shoulder-m-front-set56a.png,,,,epic,,
425,19,1,dark Auxilus Stormwing shoulder,,https://d2pdcsofh1vza7.cloudfront.net/masters/ITEMS/SHOULDER ARMOR/dark Auxilus Stormwing shoulder-f-set4d.png,,,,rare,,
426,19,1,dark Crimson Spellbreaker shoulder,,https://d2pdcsofh1vza7.cloudfront.net/masters/ITEMS/SHOULDER ARMOR/dark Crimson Spellbreaker shoulder-f-set6d.png,,,,rare,,
427,19,2,Dark Emberstorm Shoulderguards,,https://d2pdcsofh1vza7.cloudfront.net/masters/ITEMS/SHOULDER ARMOR/dark Emberstorm Armor shoulder-m-front-set11d.png,,,,epic,,
428,19,2,Dark Legion Armor Shoulder,,https://d2pdcsofh1vza7.cloudfront.net/masters/ITEMS/SHOULDER ARMOR/dark Legion Armor shoulder-m-front-set30d.png,,,,rare,,
429,19,2,dark Lepirox Valor shoulder,,https://d2pdcsofh1vza7.cloudfront.net/masters/ITEMS/SHOULDER ARMOR/dark Lepirox Valor shoulder-m-front-set33d.png,,,,rare,,
430,19,1,dark Luminous Sea Armor shoulder,,https://d2pdcsofh1vza7.cloudfront.net/masters/ITEMS/SHOULDER ARMOR/dark Luminous Sea Armor shoulder-f-set34d.png,,,,rare,,
431,19,2,Dark Trainee's Shoulders,,https://d2pdcsofh1vza7.cloudfront.net/masters/ITEMS/SHOULDER ARMOR/dark Merimora shoulder-m-front-set37d.png,,,,epic,,
432,19,1,Dark Vasukani Pride Shoulder Guard,,https://d2pdcsofh1vza7.cloudfront.net/masters/ITEMS/SHOULDER ARMOR/dark Vasukani Pride shoulder-f-set55d.png,,,,rare,,
433,19,2,Dark Vovelgoth Shoulder,,https://d2pdcsofh1vza7.cloudfront.net/masters/ITEMS/SHOULDER ARMOR/dark Vovelgoth shoulder-m-front-set56d.png,,,,rare,,
434,19,1,fire Auxilus Stormwing shoulder,,https://d2pdcsofh1vza7.cloudfront.net/masters/ITEMS/SHOULDER ARMOR/fire Auxilus Stormwing shoulder-f-set4f.png,,,,common,,
435,19,1,fire Crimson Spellbreaker shoulder,,https://d2pdcsofh1vza7.cloudfront.net/masters/ITEMS/SHOULDER ARMOR/fire Crimson Spellbreaker shoulder-f-set6f.png,,,,common,,
436,19,2,Fire  Emberstorm Shoulderguards,,https://d2pdcsofh1vza7.cloudfront.net/masters/ITEMS/SHOULDER ARMOR/fire Emberstorm Armor shoulder-m-front-set11f.png,,,,epic,,
437,19,2,Fire Legion Armor Shoulder,,https://d2pdcsofh1vza7.cloudfront.net/masters/ITEMS/SHOULDER ARMOR/fire Legion Armor shoulder-m-front-set30f.png,,,,rare,,
438,19,2,fire Lepirox Valor shoulder,,https://d2pdcsofh1vza7.cloudfront.net/masters/ITEMS/SHOULDER ARMOR/fire Lepirox Valor shoulder-m-front-set33f.png,,,,rare,,
439,19,1,fire Luminous Sea Armor shoulder,,https://d2pdcsofh1vza7.cloudfront.net/masters/ITEMS/SHOULDER ARMOR/fire Luminous Sea Armor shoulder-f-set34f.png,,,,common,,
440,19,2,Fire Trainee's Shoulders,,https://d2pdcsofh1vza7.cloudfront.net/masters/ITEMS/SHOULDER ARMOR/fire Merimora shoulder-m-front-set37f.png,,,,rare,,
441,19,1,fire Vasukani Pride shoulder,,https://d2pdcsofh1vza7.cloudfront.net/masters/ITEMS/SHOULDER ARMOR/fire Vasukani Pride shoulder-f-set55f.png,,,,common,,
442,19,2,Fire Vovelgoth Shoulder,,https://d2pdcsofh1vza7.cloudfront.net/masters/ITEMS/SHOULDER ARMOR/fire Vovelgoth shoulder-m-front-set56f.png,,,,rare,,
443,19,2,Damned Visions Shoulder Guards,,https://d2pdcsofh1vza7.cloudfront.net/masters/ITEMS/SHOULDER ARMOR/IMG_6035 shoulder-m-set59.png,,,,legendary,,
444,19,2,Elysium Shoulder Guards,,https://d2pdcsofh1vza7.cloudfront.net/masters/ITEMS/SHOULDER ARMOR/IMG_6038 shoulder-m-set60.png,,,,legendary,,
445,19,2,Peacekeeper Shoulderplates,,https://d2pdcsofh1vza7.cloudfront.net/masters/ITEMS/SHOULDER ARMOR/IMG_6041 shoulder-m-set61.png,,,,legendary,,
446,19,2,Virulent Tarasque Shoulderplates,"Shoulderplates of the Virulent Tarasque. Remember, this piece carries a lethal poison within.",https://d2pdcsofh1vza7.cloudfront.net/masters/ITEMS/SHOULDER ARMOR/IMG_6044 shoulder-m-set62.png,,,,legendary,,
447,19,2,Nyx Imperius Shoulder Armor,,https://d2pdcsofh1vza7.cloudfront.net/masters/ITEMS/SHOULDER ARMOR/IMG_6047 shoulder-m-set63.png,,,,legendary,,
448,19,2,Abyssal Shoulder Doom Guards,,https://d2pdcsofh1vza7.cloudfront.net/masters/ITEMS/SHOULDER ARMOR/IMG_6051 shoulder-m-set64.png,,,,legendary,,
449,19,2,Runic Swordfighter Shoulderplates,,https://d2pdcsofh1vza7.cloudfront.net/masters/ITEMS/SHOULDER ARMOR/IMG_6057 shoulder-m-set65.png,,,,legendary,,
450,19,1,light Auxilus Stormwing shoulder,,https://d2pdcsofh1vza7.cloudfront.net/masters/ITEMS/SHOULDER ARMOR/light Auxilus Stormwing shoulder-f-set4l.png,,,,rare,,
451,19,1,light Crimson Spellbreaker shoulder,,https://d2pdcsofh1vza7.cloudfront.net/masters/ITEMS/SHOULDER ARMOR/light Crimson Spellbreaker shoulder-f-set6l.png,,,,rare,,
452,19,2,Light  Emberstorm Shoulderguards,,https://d2pdcsofh1vza7.cloudfront.net/masters/ITEMS/SHOULDER ARMOR/light Emberstorm Armor shoulder-m-front-set11l.png,,,,epic,,
453,19,2,Light Legion Armor Shoulder,,https://d2pdcsofh1vza7.cloudfront.net/masters/ITEMS/SHOULDER ARMOR/light Legion Armor shoulder-m-front-set30l.png,,,,rare,,
454,19,2,light Lepirox Valor shoulder,,https://d2pdcsofh1vza7.cloudfront.net/masters/ITEMS/SHOULDER ARMOR/light Lepirox Valor shoulder-m-front-set33l.png,,,,rare,,
455,19,1,light Luminous Sea Armor shoulder,,https://d2pdcsofh1vza7.cloudfront.net/masters/ITEMS/SHOULDER ARMOR/light Luminous Sea Armor shoulder-f-set34l.png,,,,rare,,
456,19,2,Light Trainee's Shoulders,,https://d2pdcsofh1vza7.cloudfront.net/masters/ITEMS/SHOULDER ARMOR/light Merimora shoulder-m-front-set37l.png,,,,epic,,
457,19,1,light Vasukani Pride shoulder,,https://d2pdcsofh1vza7.cloudfront.net/masters/ITEMS/SHOULDER ARMOR/light Vasukani Pride shoulder-f-set55l.png,,,,rare,,
458,19,2,Light Vovelgoth Shoulder,,https://d2pdcsofh1vza7.cloudfront.net/masters/ITEMS/SHOULDER ARMOR/light Vovelgoth shoulder-m-front-set56l.png,,,,rare,,
459,19,1,plant Auxilus Stormwing shoulder,,https://d2pdcsofh1vza7.cloudfront.net/masters/ITEMS/SHOULDER ARMOR/plant Auxilus Stormwing shoulder-f-set4p.png,,,,common,,
460,19,1,plant Crimson Spellbreaker shoulder,,https://d2pdcsofh1vza7.cloudfront.net/masters/ITEMS/SHOULDER ARMOR/plant Crimson Spellbreaker shoulder-f-set6p.png,,,,common,,
461,19,2,Plant  Emberstorm Shoulderguards,,https://d2pdcsofh1vza7.cloudfront.net/masters/ITEMS/SHOULDER ARMOR/plant Emberstorm Armor shoulder-m-front-set11p.png,,,,epic,,
462,19,2,Plant Legion Armor Shoulder,,https://d2pdcsofh1vza7.cloudfront.net/masters/ITEMS/SHOULDER ARMOR/plant Legion Armor shoulder-m-front-set30p.png,,,,rare,,
463,19,2,plant Lepirox Valor shoulder,,https://d2pdcsofh1vza7.cloudfront.net/masters/ITEMS/SHOULDER ARMOR/plant Lepirox Valor shoulder-m-front-set33p.png,,,,rare,,
464,19,1,plant Luminous Sea Armor shoulder,,https://d2pdcsofh1vza7.cloudfront.net/masters/ITEMS/SHOULDER ARMOR/plant Luminous Sea Armor shoulder-f-set34p.png,,,,common,,
465,19,2,Plant Trainee's Shoulders,,https://d2pdcsofh1vza7.cloudfront.net/masters/ITEMS/SHOULDER ARMOR/plant Merimora shoulder-m-front-set37p.png,,,,rare,,
466,19,1,plant Vasukani Pride shoulder,,https://d2pdcsofh1vza7.cloudfront.net/masters/ITEMS/SHOULDER ARMOR/plant Vasukani Pride shoulder-f-set55p.png,,,,common,,
467,19,2,Plant Vovelgoth Shoulder,,https://d2pdcsofh1vza7.cloudfront.net/masters/ITEMS/SHOULDER ARMOR/plant Vovelgoth shoulder-m-front-set56p.png,,,,rare,,
468,19,1,void Auxilus Stormwing shoulder,,https://d2pdcsofh1vza7.cloudfront.net/masters/ITEMS/SHOULDER ARMOR/void Auxilus Stormwing shoulder-f-set4v.png,,,,epic,,
469,19,1,void Crimson Spellbreaker shoulder,,https://d2pdcsofh1vza7.cloudfront.net/masters/ITEMS/SHOULDER ARMOR/void Crimson Spellbreaker shoulder-f-set6v.png,,,,epic,,
470,19,2,Void  Emberstorm Shoulderguards,,https://d2pdcsofh1vza7.cloudfront.net/masters/ITEMS/SHOULDER ARMOR/void Emberstorm Armor shoulder-m-front-set11v.png,,,,legendary,,
471,19,2,Void Legion Armor Shoulder,,https://d2pdcsofh1vza7.cloudfront.net/masters/ITEMS/SHOULDER ARMOR/void Legion Armor shoulder-m-front-set30v.png,,,,legendary,,
472,19,2,void Lepirox Valor shoulder,,https://d2pdcsofh1vza7.cloudfront.net/masters/ITEMS/SHOULDER ARMOR/void Lepirox Valor shoulder-m-front-set33v.png,,,,legendary,,
473,19,1,void Luminous Sea Armor shoulder,,https://d2pdcsofh1vza7.cloudfront.net/masters/ITEMS/SHOULDER ARMOR/void Luminous Sea Armor shoulder-f-set34v.png,,,,epic,,
474,19,2,Void Trainee's Shoulders,,https://d2pdcsofh1vza7.cloudfront.net/masters/ITEMS/SHOULDER ARMOR/void Merimora shoulder-m-front-set37v.png,,,,legendary,,
475,19,1,void Vasukani Pride shoulder,,https://d2pdcsofh1vza7.cloudfront.net/masters/ITEMS/SHOULDER ARMOR/void Vasukani Pride shoulder-f-set55v.png,,,,epic,,
476,19,2,Void Vovelgoth Shoulder,,https://d2pdcsofh1vza7.cloudfront.net/masters/ITEMS/SHOULDER ARMOR/void Vovelgoth shoulder-m-front-set56v.png,,,,legendary,,
477,19,1,water Auxilus Stormwing shoulder,,https://d2pdcsofh1vza7.cloudfront.net/masters/ITEMS/SHOULDER ARMOR/water Auxilus Stormwing shoulder-f-set4w.png,,,,common,,
478,19,1,water Crimson Spellbreaker shoulder,,https://d2pdcsofh1vza7.cloudfront.net/masters/ITEMS/SHOULDER ARMOR/water Crimson Spellbreaker shoulder-f-set6w.png,,,,common,,
479,19,2,Water  Emberstorm Shoulderguards,,https://d2pdcsofh1vza7.cloudfront.net/masters/ITEMS/SHOULDER ARMOR/water Emberstorm Armor shoulder-m-front-set11w.png,,,,epic,,
480,19,2,Water Legion Armor Shoulder,,https://d2pdcsofh1vza7.cloudfront.net/masters/ITEMS/SHOULDER ARMOR/water Legion Armor shoulder-m-front-set30w.png,,,,rare,,
481,19,2,water Lepirox Valor shoulder,,https://d2pdcsofh1vza7.cloudfront.net/masters/ITEMS/SHOULDER ARMOR/water Lepirox Valor shoulder-m-front-set33w.png,,,,rare,,
482,19,1,water Luminous Sea Armor shoulder,,https://d2pdcsofh1vza7.cloudfront.net/masters/ITEMS/SHOULDER ARMOR/water Luminous Sea Armor shoulder-f-set34w.png,,,,common,,
483,19,2,Water Trainee's Shoulders,,https://d2pdcsofh1vza7.cloudfront.net/masters/ITEMS/SHOULDER ARMOR/water Merimora shoulder-m-front-set37w.png,,,,rare,,
484,19,1,water Vasukani Pride shoulder,,https://d2pdcsofh1vza7.cloudfront.net/masters/ITEMS/SHOULDER ARMOR/water Vasukani Pride shoulder-f-set55w.png,,,,common,,
485,19,2,Water Vovelgoth Shoulder,,https://d2pdcsofh1vza7.cloudfront.net/masters/ITEMS/SHOULDER ARMOR/water Vovelgoth shoulder-m-front-set56w.png,,,,rare,,